data;horario;n_da_ocorrencia;tipo_de_ocorrencia;km;trecho;sentido;tipo_de_acidente;automovel;bicicleta;caminhao;moto;onibus;outros;tracao_animal;transporte_de_cargas_especiais;trator_maquinas;utilitarios;ilesos;levemente_feridos;moderadamente_feridos;gravemente_feridos;mortos
"26/09/2021";"11:10:00";"126";"ac03 - Aci";"185.55";"BR-364/GO";"Leste";"Choque - Defensa metálica";0;0;0;0;0;0;0;0;0;1;1;0;0;0;0
"26/09/2021";"06:22:00";"259";"ac02 - Aci";"755.2";"BR-365/MG";"Oeste";"Capotamento";0;0;0;0;0;0;0;0;0;1;1;1;1;0;0
"26/09/2021";"07:23:00";"284";"ac03 - Aci";"649";"BR-365/MG";"Oeste";"Choque - Elemento de Drenagem";1;0;0;0;0;0;0;0;0;0;1;0;0;0;0
"26/09/2021";"07:49:00";"296";"ac03 - Aci";"637";"BR-365/MG";"Leste";"Choque - Talude ou Barranco";0;0;0;0;0;0;0;0;0;1;1;0;0;0;0
"26/09/2021";"09:41:00";"326";"ac03 - Aci";"713.9";"BR-365/MG";"Leste";"Atropelamento de Animal";1;0;0;0;0;0;0;0;0;0;2;0;0;0;0
"28/09/2021";"02:06:00";"204";"ac03 - Aci";"848";"BR-365/MG";"Oeste";"Choque - Veiculo parado no acostamento";0;0;0;0;0;0;0;0;0;2;1;0;0;0;0
"30/09/2021";"04:13:00";"28";"ac02 - Aci";"9.03";"BR-364/GO";"Oeste";"Choque - Sinalização";0;0;0;1;0;0;0;0;0;0;0;0;0;1;0
"01/10/2021";"04:10:00";"16";"ac03 - Aci";"841.3";"BR-365/MG";"Leste";"Atropelamento de Animal";1;0;0;0;0;0;0;0;0;0;1;0;0;0;0
"01/10/2021";"07:16:00";"47";"ac03 - Aci";"645";"BR-365/MG";"Oeste";"Colisão Traseira";0;0;0;0;0;1;0;0;0;2;5;0;0;0;0
"01/10/2021";"06:45:00";"311";"ac02 - Aci";"53.7";"BR-364/GO";"Leste";"Colisão Transversal";1;0;0;0;0;0;0;0;0;1;3;1;0;0;0
"02/10/2021";"04:55:00";"17";"ac03 - Aci";"756.6";"BR-365/MG";"Leste";"Choque - Meio fio";1;0;0;0;0;0;0;0;0;0;1;0;0;0;0
"02/10/2021";"11:21:00";"148";"ac03 - Aci";"730.2";"BR-365/MG";"Oeste";"Choque - Elemento de Drenagem";0;0;0;0;0;0;0;0;0;1;2;0;0;0;0
"03/10/2021";"09:33:00";"322";"ac02 - Aci";"113";"BR-364/GO";"Leste";"Choque - Meio fio";1;0;0;0;0;0;0;0;0;0;0;1;0;0;0
"04/10/2021";"05:46:00";"282";"ac02 - Aci";"2.02";"BR-364/GO";"Oeste";"Colisão Traseira";1;0;0;0;0;0;0;0;0;1;0;1;0;0;0
"05/10/2021";"07:29:00";"322";"ac03 - Aci";"793.3";"BR-365/MG";"Leste";"Choque - Talude ou Barranco";0;0;0;0;0;0;0;0;0;1;4;0;0;0;0
"05/10/2021";"11:26:00";"372";"ac03 - Aci";"120";"BR-364/GO";"Oeste";"Tombamento";0;0;1;0;0;0;0;0;0;0;1;0;0;0;0
"06/10/2021";"09:36:00";"387";"ac02 - Aci";"147";"BR-364/GO";"Leste";"Choque - New jersey";0;0;1;0;0;0;0;0;0;0;0;1;0;0;0
"07/10/2021";"01:01:00";"212";"ac03 - Aci";"139.9";"BR-364/GO";"Oeste";"Choque - Sinalização";1;0;0;0;0;0;0;0;0;0;1;0;0;0;0
"07/10/2021";"01:14:00";"216";"ac03 - Aci";"779.6";"BR-365/MG";"Oeste";"Colisão Traseira";1;0;1;0;0;0;0;0;0;0;2;0;0;0;0
"08/10/2021";"06:04:00";"303";"ac02 - Aci";"112";"BR-364/GO";"Oeste";"Colisão lateral no mesmo sentido";1;0;0;1;0;0;0;0;0;0;1;1;1;0;0
"12/10/2021";"09:22:00";"85";"ac02 - Aci";"699.25";"BR-365/MG";"Leste";"Queda de Moto";0;0;0;1;0;0;0;0;0;0;0;0;0;1;0
"12/10/2021";"07:44:00";"259";"ac02 - Aci";"706.5";"BR-365/MG";"Leste";"Atropelamento - Pedestre";0;0;1;0;0;0;0;0;0;0;0;0;0;1;0
"13/10/2021";"12:41:00";"4";"ac03 - Aci";"629";"BR-365/MG";"Leste";"Choque - Meio fio";1;0;0;0;0;0;0;0;0;0;1;0;0;0;0
"14/10/2021";"09:25:00";"256";"ac03 - Aci";"710";"BR-365/MG";"Leste";"Colisão lateral no mesmo sentido";0;0;2;0;0;0;0;0;0;0;1;0;0;0;0
"15/10/2021";"08:47:00";"328";"ac03 - Aci";"706.8";"BR-365/MG";"Leste";"Colisão Transversal";1;0;0;0;0;0;0;0;0;1;2;0;0;0;0
"16/10/2021";"05:04:00";"22";"ac03 - Aci";"100.5";"BR-364/GO";"Leste";"Atropelamento de Animal";1;0;1;0;0;0;0;0;0;0;3;0;0;0;0
"16/10/2021";"12:30:00";"145";"ac02 - Aci";"756.2";"BR-365/MG";"Oeste";"Colisão Transversal";1;0;0;1;0;0;0;0;0;0;1;1;0;0;0
"16/10/2021";"03:23:00";"211";"ac03 - Aci";"743.8";"BR-365/MG";"Leste";"Engavetamento";2;0;0;0;0;1;0;0;0;0;8;0;0;0;0
"16/10/2021";"08:11:00";"280";"ac03 - Aci";"105.8";"BR-364/GO";"Oeste";"Atropelamento de Animal";0;0;0;0;0;0;0;0;0;1;2;0;0;0;0
"18/10/2021";"12:54:00";"183";"ac03 - Aci";"706.5";"BR-365/MG";"Oeste";"Colisão Traseira";0;0;2;0;0;0;0;0;0;0;2;0;0;0;0
"19/10/2021";"02:29:00";"209";"ac02 - Aci";"156.55";"BR-364/GO";"Leste";"Atropelamento - Funcionário";0;0;0;0;0;1;0;0;0;0;0;1;0;0;0
"19/10/2021";"04:26:00";"240";"ac03 - Aci";"709.5";"BR-365/MG";"Oeste";"Colisão lateral no sentido contrário";1;0;1;0;0;1;0;0;0;0;2;0;0;0;0
"21/10/2021";"07:02:00";"301";"ac02 - Aci";"749.7";"BR-365/MG";"Oeste";"Queda de Moto";0;0;0;1;0;0;0;0;0;0;0;1;0;0;0
"22/10/2021";"01:04:00";"8";"ac03 - Aci";"757";"BR-365/MG";"Leste";"Choque - Meio fio";1;0;0;0;0;0;0;0;0;0;2;0;0;0;0
"22/10/2021";"07:50:00";"79";"ac02 - Aci";"675.458";"BR-365/MG";"Oeste";"Objeto lançado contra veículo";1;0;0;0;0;1;0;0;0;0;1;0;0;1;0
"23/10/2021";"11:46:00";"153";"ac03 - Aci";"650";"BR-365/MG";"Oeste";"Tombamento";0;0;1;0;0;0;0;0;0;0;1;0;0;0;0
"23/10/2021";"10:44:00";"344";"ac01 - Aci";"634";"BR-365/MG";"Oeste";"Colisão Traseira";0;0;0;2;0;0;0;0;0;0;1;0;0;0;1
"24/10/2021";"12:29:00";"5";"ac03 - Aci";"634.5";"BR-365/MG";"Oeste";"Colisão Traseira";1;0;0;0;0;1;0;0;0;0;5;0;0;0;0
"24/10/2021";"01:12:00";"9";"ac03 - Aci";"148.11";"BR-364/GO";"Leste";"Choque - Arvore";0;0;0;0;0;0;0;0;0;1;1;0;0;0;0
"24/10/2021";"05:52:00";"37";"ac02 - Aci";"661.6";"BR-365/MG";"Leste";"Choque - Sinalização";0;0;1;0;0;0;0;0;0;0;0;1;0;0;0
"24/10/2021";"07:28:00";"64";"ac02 - Aci";"862.75";"BR-365/MG";"Leste";"Capotamento";0;0;0;0;0;0;0;0;0;1;1;2;0;0;0
"24/10/2021";"10:18:00";"113";"ac03 - Aci";"681.05";"BR-365/MG";"Leste";"Choque - Sinalização";1;0;0;0;0;0;0;0;0;0;3;0;0;0;0
"24/10/2021";"07:06:00";"234";"ac02 - Aci";"733.5";"BR-365/MG";"Leste";"Colisão Frontal";2;0;0;0;0;0;0;0;0;0;0;3;0;0;0
"25/10/2021";"01:08:00";"11";"ac03 - Aci";"174";"BR-364/GO";"Oeste";"Choque - Elemento de Drenagem";1;0;0;0;0;0;0;0;0;0;1;0;0;0;0
"25/10/2021";"11:07:00";"136";"ac03 - Aci";"749.9";"BR-365/MG";"Oeste";"Tombamento";0;0;1;0;0;0;0;0;0;0;1;0;0;0;0
"25/10/2021";"07:30:00";"290";"ac03 - Aci";"749";"BR-365/MG";"Oeste";"Queda de Moto";0;0;0;1;0;0;0;0;0;0;0;0;0;0;0
"26/10/2021";"06:49:00";"30";"ac02 - Aci";"118.7";"BR-364/GO";"Leste";"Capotamento";1;0;0;0;0;0;0;0;0;0;0;1;0;0;0
"26/10/2021";"10:14:00";"108";"ac03 - Aci";"748.8";"BR-365/MG";"Leste";"Colisão Traseira";2;0;0;0;0;0;0;0;0;0;2;0;0;0;0
"26/10/2021";"10:28:00";"111";"ac02 - Aci";"753.2";"BR-365/MG";"Leste";"Colisão lateral no mesmo sentido";1;0;0;0;0;1;0;0;0;0;0;1;0;0;0
"27/10/2021";"05:31:00";"272";"ac03 - Aci";"189";"BR-364/GO";"Leste";"Capotamento";0;0;0;0;0;0;0;0;0;1;1;0;0;0;0
"27/10/2021";"06:23:00";"288";"ac03 - Aci";"633";"BR-365/MG";"Leste";"Colisão Traseira";1;0;0;0;0;0;0;0;0;1;3;0;0;0;0
"28/10/2021";"01:33:00";"193";"ac03 - Aci";"649.5";"BR-365/MG";"Oeste";"Engavetamento";1;0;2;0;0;0;0;0;0;0;5;0;0;0;0
"28/10/2021";"02:01:00";"203";"ac02 - Aci";"754.2";"BR-365/MG";"Oeste";"Queda de Moto";0;0;0;1;0;0;0;0;0;0;0;1;0;0;0
"28/10/2021";"11:55:00";"347";"ac03 - Aci";"858.7";"BR-365/MG";"Oeste";"Atropelamento de Animal";1;0;0;0;0;0;0;0;0;0;3;0;0;0;0
"29/10/2021";"03:01:00";"19";"ac01 - Aci";"648";"BR-365/MG";"Leste";"Atropelamento - Pedestre";0;0;0;0;1;0;0;0;0;0;1;0;0;0;1
"29/10/2021";"07:59:00";"80";"ac03 - Aci";"793";"BR-365/MG";"Oeste";"Colisão lateral no sentido contrário";0;0;0;1;0;1;0;0;0;0;2;0;0;0;0
"29/10/2021";"05:24:00";"302";"ac03 - Aci";"17";"BR-364/GO";"Oeste";"Atropelamento de Animal";1;0;0;0;0;0;0;0;0;0;0;0;0;0;0
"30/10/2021";"02:05:00";"198";"ac02 - Aci";"156.55";"BR-364/GO";"Leste";"Engavetamento";1;0;1;1;0;0;0;0;0;0;3;1;0;0;0
"30/10/2021";"04:56:00";"256";"ac03 - Aci";"759.83";"BR-365/MG";"Oeste";"Choque - Talude ou Barranco";1;0;0;0;0;0;0;0;0;0;2;0;0;0;0
"30/10/2021";"08:32:00";"298";"ac02 - Aci";"850.6";"BR-365/MG";"Oeste";"Colisão Traseira";2;0;0;0;0;1;0;0;0;0;4;1;0;0;0
"31/10/2021";"06:27:00";"32";"ac02 - Aci";"771.12";"BR-365/MG";"Leste";"Choque - Outros";1;0;0;0;0;0;0;0;0;0;0;1;0;0;0
"31/10/2021";"02:53:00";"177";"ac01 - Aci";"727.007";"BR-365/MG";"Leste";"Colisão Frontal";1;0;1;0;0;0;0;0;0;0;1;0;0;0;5
"31/10/2021";"03:28:00";"182";"ac03 - Aci";"725.5";"BR-365/MG";"Oeste";"Colisão Traseira";1;0;1;0;0;0;0;0;0;0;2;0;0;0;0
"31/10/2021";"05:22:00";"221";"ac02 - Aci";"643";"BR-365/MG";"Leste";"Capotamento";0;0;0;0;0;1;0;0;0;1;0;2;0;0;0
"31/10/2021";"10:01:00";"268";"ac03 - Aci";"832.1";"BR-365/MG";"Leste";"Colisão lateral no sentido contrário";2;0;0;0;0;0;0;0;0;0;5;0;0;0;0
"31/10/2021";"11:33:00";"273";"ac03 - Aci";"858.9";"BR-365/MG";"Leste";"Choque - Meio fio";1;0;0;0;0;0;0;0;0;0;4;0;0;0;0
"01/11/2021";"04:43:00";"18";"ac03 - Aci";"9.5";"BR-364/GO";"Oeste";"Capotamento";1;0;0;0;0;0;0;0;0;0;2;0;0;0;0
"01/11/2021";"03:46:00";"191";"ac02 - Aci";"693.6";"BR-365/MG";"Oeste";"Tombamento";0;0;1;0;0;0;0;0;0;0;0;1;0;0;0
"01/11/2021";"08:08:00";"272";"ac02 - Aci";"20.45";"BR-364/GO";"Oeste";"Atropelamento de Animal";1;0;0;0;0;0;0;0;0;0;3;2;0;0;0
"02/11/2021";"04:16:00";"19";"ac03 - Aci";"652.4";"BR-365/MG";"Leste";"Choque - Elemento de Drenagem";1;0;0;0;0;0;0;0;0;0;2;0;0;0;0
"03/11/2021";"08:23:00";"60";"ac03 - Aci";"691.1";"BR-365/MG";"Oeste";"Colisão lateral no mesmo sentido";0;0;1;0;0;0;0;0;0;1;4;0;0;0;0
"03/11/2021";"05:20:00";"254";"ac03 - Aci";"645";"BR-365/MG";"Leste";"Choque - Outros";1;0;0;0;0;0;0;0;0;0;1;0;0;0;0
"06/11/2021";"04:27:00";"19";"ac02 - Aci";"751.7";"BR-365/MG";"Oeste";"Atropelamento - Pedestre";0;0;0;1;0;0;0;0;0;0;0;1;1;0;0
"06/11/2021";"05:40:00";"26";"ac03 - Aci";"648";"BR-365/MG";"Leste";"Colisão lateral no mesmo sentido";1;0;0;0;0;1;0;0;0;0;2;0;0;0;0
"06/11/2021";"07:57:00";"59";"ac02 - Aci";"754";"BR-365/MG";"Oeste";"Colisão lateral no mesmo sentido";0;0;0;2;0;0;0;0;0;0;0;2;0;0;0
"06/11/2021";"11:22:00";"128";"ac02 - Aci";"650.2";"BR-365/MG";"Leste";"Queda de Moto";0;0;0;1;0;0;0;0;0;0;0;1;0;0;0
"06/11/2021";"07:06:00";"251";"ac03 - Aci";"793";"BR-365/MG";"Leste";"Choque - Elemento de Drenagem";1;0;0;0;0;0;0;0;0;0;2;0;0;0;0
"07/11/2021";"08:47:00";"71";"ac02 - Aci";"17";"BR-364/GO";"Oeste";"Colisão Traseira";1;0;0;0;0;0;0;0;0;1;5;0;1;0;0
"07/11/2021";"09:40:00";"87";"ac02 - Aci";"650.9";"BR-365/MG";"Leste";"Queda de Moto";0;0;0;1;0;0;0;0;0;0;0;0;1;0;0
"07/11/2021";"06:45:00";"227";"ac02 - Aci";"629";"BR-365/MG";"Oeste";"Queda de Moto";0;0;0;1;0;0;0;0;0;0;0;2;0;0;0
"09/11/2021";"07:05:00";"24";"ac03 - Aci";"696.11";"BR-365/MG";"Leste";"Choque - Elemento de Drenagem";1;0;0;0;0;0;0;0;0;0;2;0;0;0;0
"09/11/2021";"03:08:00";"213";"ac02 - Aci";"675";"BR-365/MG";"Oeste";"Queda de Moto";0;0;0;1;0;0;0;0;0;0;0;1;0;0;0
"10/11/2021";"11:33:00";"156";"ac02 - Aci";"794.995";"BR-365/MG";"Leste";"Atropelamento de Animal";0;0;0;1;0;0;0;0;0;0;0;2;0;0;0
"10/11/2021";"01:01:00";"182";"ac03 - Aci";"40.4";"BR-364/GO";"Oeste";"Choque - Defensa metálica";0;0;1;0;0;0;0;0;0;0;1;0;0;0;0
"10/11/2021";"07:38:00";"286";"ac03 - Aci";"635.8";"BR-365/MG";"Leste";"Colisão Traseira";0;0;1;0;0;1;0;0;0;0;1;0;0;0;0
"10/11/2021";"07:51:00";"287";"ac02 - Aci";"106.5";"BR-364/GO";"Oeste";"Queda de Moto";0;0;0;1;0;0;0;0;0;0;1;0;1;0;0
"12/11/2021";"05:07:00";"34";"ac03 - Aci";"626";"BR-365/MG";"Leste";"Queda de Moto";0;0;0;1;0;0;0;0;0;0;0;0;0;0;0
"12/11/2021";"04:38:00";"278";"ac02 - Aci";"118.31";"BR-364/GO";"Leste";"Capotamento";1;0;0;0;0;0;0;0;0;0;0;1;0;0;0
"13/11/2021";"04:51:00";"250";"ac03 - Aci";"765.98";"BR-365/MG";"Leste";"Colisão Traseira";0;0;1;0;0;1;0;0;0;1;3;0;0;0;0
"14/11/2021";"03:12:00";"17";"ac03 - Aci";"682.6";"BR-365/MG";"Oeste";"Atropelamento de Animal";0;0;1;0;0;0;0;0;0;0;1;0;0;0;0
"14/11/2021";"11:13:00";"121";"ac03 - Aci";"166.65";"BR-364/GO";"Oeste";"Colisão lateral no mesmo sentido";0;0;2;0;0;0;0;0;0;0;4;0;0;0;0
"15/11/2021";"06:42:00";"220";"ac02 - Aci";"637.61";"BR-365/MG";"Leste";"Atropelamento - Pedestre";0;0;0;0;0;1;0;0;0;0;0;0;0;1;0
"16/11/2021";"02:34:00";"14";"ac03 - Aci";"674";"BR-365/MG";"Leste";"Choque - Elemento de Drenagem";1;0;0;0;0;0;0;0;0;0;1;0;0;0;0
"17/11/2021";"07:46:00";"302";"ac02 - Aci";"735.5";"BR-365/MG";"Leste";"Choque - Outros";1;0;0;0;0;0;0;0;0;0;0;2;0;0;0
"18/11/2021";"12:47:00";"155";"ac02 - Aci";"672.6";"BR-365/MG";"Leste";"Capotamento";0;0;0;0;0;0;0;0;0;1;0;0;1;0;0
"19/11/2021";"11:11:00";"122";"ac03 - Aci";"160";"BR-364/GO";"Leste";"Choque - Sinalização";0;0;1;0;0;0;0;0;0;0;1;0;0;0;0
"20/11/2021";"07:00:00";"45";"ac03 - Aci";"626";"BR-365/MG";"Leste";"Choque - Defensa metálica";1;0;0;0;0;0;0;0;0;0;2;0;0;0;0
"21/11/2021";"04:52:00";"26";"ac03 - Aci";"186";"BR-364/GO";"Oeste";"Choque - Elemento de Drenagem";1;0;0;0;0;0;0;0;0;0;1;0;0;0;0
"21/11/2021";"07:25:00";"264";"ac03 - Aci";"784.5";"BR-365/MG";"Oeste";"Atropelamento de Animal";1;0;0;0;0;0;0;0;0;0;1;0;0;0;0
"21/11/2021";"08:55:00";"280";"ac03 - Aci";"838";"BR-365/MG";"Leste";"Atropelamento de Animal";1;0;0;0;0;0;0;0;0;0;1;0;0;0;0
"22/11/2021";"06:04:00";"29";"ac02 - Aci";"666";"BR-365/MG";"Oeste";"Capotamento";1;0;0;0;0;0;0;0;0;1;3;3;0;0;0
"22/11/2021";"10:32:00";"146";"ac03 - Aci";"757.03";"BR-365/MG";"Oeste";"Choque - Meio fio";1;0;0;0;0;0;0;0;0;0;1;0;0;0;0
"22/11/2021";"02:21:00";"216";"ac03 - Aci";"823.4";"BR-365/MG";"Leste";"Choque - Meio fio";1;0;0;0;0;0;0;0;0;0;3;0;0;0;0
"23/11/2021";"06:20:00";"27";"ac03 - Aci";"642.9";"BR-365/MG";"Oeste";"Tombamento";0;0;1;0;0;0;0;0;0;0;1;0;0;0;0
"23/11/2021";"11:55:00";"157";"ac02 - Aci";"663.1";"BR-365/MG";"Leste";"Queda de Moto";0;0;0;1;0;0;0;0;0;0;0;1;1;0;0
"24/11/2021";"03:39:00";"272";"ac02 - Aci";"718.3";"BR-365/MG";"Leste";"Tombamento";0;0;1;0;0;0;0;0;0;0;1;1;0;0;0
"24/11/2021";"04:05:00";"281";"ac03 - Aci";"186.63";"BR-364/GO";"Oeste";"Tombamento";0;0;1;0;0;0;0;0;0;0;1;0;0;0;0
"24/11/2021";"08:43:00";"355";"ac02 - Aci";"815";"BR-365/MG";"Oeste";"Choque - Sinalização";1;0;0;0;0;0;0;0;0;0;0;1;0;0;0
"25/11/2021";"06:23:00";"41";"ac03 - Aci";"751.45";"BR-365/MG";"Leste";"Atropelamento de Animal";0;0;0;1;0;0;0;0;0;0;1;0;0;0;0
"25/11/2021";"01:50:00";"233";"ac03 - Aci";"32.95";"BR-364/GO";"Oeste";"Choque - Veiculo parado na pista";0;0;1;0;0;0;0;0;0;1;4;0;0;0;0
"25/11/2021";"07:24:00";"348";"ac03 - Aci";"651.8";"BR-365/MG";"Oeste";"Choque - Elemento de Drenagem";0;0;1;0;0;0;0;0;0;0;1;0;0;0;0
"25/11/2021";"11:22:00";"376";"ac03 - Aci";"793.3";"BR-365/MG";"Oeste";"Choque - Talude ou Barranco";1;0;0;0;0;0;0;0;0;0;1;0;0;0;0
"27/11/2021";"04:40:00";"26";"ac02 - Aci";"706";"BR-365/MG";"Oeste";"Colisão Transversal";1;0;1;0;0;0;0;0;0;0;4;1;0;0;0
"27/11/2021";"05:38:00";"33";"ac03 - Aci";"706";"BR-365/MG";"Oeste";"Colisão Traseira";0;0;1;0;1;0;0;0;0;0;2;0;0;0;0
"27/11/2021";"10:32:00";"301";"ac03 - Aci";"18.5";"BR-364/GO";"Leste";"Tombamento";0;0;1;0;0;0;0;0;0;0;1;0;0;0;0
"28/11/2021";"05:29:00";"30";"ac03 - Aci";"787.5";"BR-365/MG";"Leste";"Choque - Talude ou Barranco";0;0;1;0;0;0;0;0;0;0;1;0;0;0;0
"29/11/2021";"12:05:00";"2";"ac03 - Aci";"850.7";"BR-365/MG";"Leste";"Atropelamento de Animal";1;0;0;0;0;0;0;0;0;0;4;0;0;0;0
"29/11/2021";"07:21:00";"60";"ac02 - Aci";"808.33";"BR-365/MG";"Leste";"Tombamento";0;0;1;0;0;0;0;0;0;0;0;1;0;0;0
"01/12/2021";"08:14:00";"312";"ac03 - Aci";"786";"BR-365/MG";"Leste";"Choque - Talude ou Barranco";0;0;0;0;0;0;0;0;0;1;2;0;0;0;0
"02/12/2021";"09:28:00";"131";"ac03 - Aci";"823.66";"BR-365/MG";"Leste";"Choque - Meio fio";1;0;0;0;0;0;0;0;0;0;1;0;0;0;0
"02/12/2021";"04:43:00";"292";"ac03 - Aci";"756.81";"BR-365/MG";"Oeste";"Colisão Traseira";0;0;0;0;0;1;0;0;0;1;3;0;0;0;0
"03/12/2021";"12:09:00";"1";"ac02 - Aci";"638.5";"BR-365/MG";"Oeste";"Colisão Traseira";0;0;1;0;0;0;0;0;0;1;1;2;0;0;0
"03/12/2021";"04:56:00";"246";"ac03 - Aci";"759.495";"BR-365/MG";"Oeste";"Colisão Traseira";2;0;0;0;0;0;0;0;0;0;1;0;0;0;0
"03/12/2021";"05:58:00";"265";"ac02 - Aci";"765.98";"BR-365/MG";"Oeste";"Colisão Traseira";1;0;0;0;0;0;0;0;0;1;6;1;0;0;0
"03/12/2021";"08:16:00";"303";"ac02 - Aci";"751.11";"BR-365/MG";"Leste";"Colisão Traseira";0;1;0;1;0;0;0;0;0;0;0;0;0;2;0
"04/12/2021";"03:19:00";"227";"ac02 - Aci";"831.12";"BR-365/MG";"Oeste";"Choque - Defensa metálica";1;0;0;0;0;0;0;0;0;0;0;1;0;0;0
"04/12/2021";"10:24:00";"309";"ac03 - Aci";"34.8";"BR-364/GO";"Leste";"Atropelamento de Animal";1;0;0;0;0;0;0;0;0;0;1;0;0;0;0
"05/12/2021";"09:19:00";"88";"ac02 - Aci";"665";"BR-365/MG";"Oeste";"Capotamento";1;0;0;0;0;0;0;0;0;0;0;1;0;0;0
"05/12/2021";"04:39:00";"221";"ac02 - Aci";"797.54";"BR-365/MG";"Leste";"Capotamento";1;0;0;0;0;0;0;0;0;0;0;2;1;1;0
"06/12/2021";"06:39:00";"31";"ac03 - Aci";"751.86";"BR-365/MG";"Leste";"Colisão Traseira";1;0;0;0;0;0;0;0;0;1;3;0;0;0;0
"06/12/2021";"08:52:00";"86";"ac02 - Aci";"21.69";"BR-364/GO";"Leste";"Choque - Meio fio";0;0;0;1;0;0;0;0;0;0;0;0;2;0;0
"06/12/2021";"01:31:00";"213";"ac03 - Aci";"657.93";"BR-365/MG";"Oeste";"Choque - Sinalização";1;0;0;0;0;0;0;0;0;0;1;0;0;0;0
"06/12/2021";"03:24:00";"248";"ac03 - Aci";"677.9";"BR-365/MG";"Leste";"Choque - Elemento de Drenagem";1;0;0;0;0;0;0;0;0;0;1;0;0;0;0
"07/12/2021";"08:13:00";"70";"ac02 - Aci";"182.22";"BR-364/GO";"Leste";"Tombamento";0;0;1;0;0;0;0;0;0;0;0;1;0;0;0
"08/12/2021";"11:26:00";"361";"ac02 - Aci";"793";"BR-365/MG";"Leste";"Choque - Arvore";1;0;0;0;0;0;0;0;0;0;0;1;0;0;0
"09/12/2021";"04:47:00";"252";"ac02 - Aci";"691";"BR-365/MG";"Oeste";"Atropelamento - Pedestre";0;0;0;0;0;1;0;0;0;0;1;0;1;0;0
"09/12/2021";"08:52:00";"321";"ac03 - Aci";"19";"BR-364/GO";"Oeste";"Colisão Traseira";0;0;0;0;0;0;0;0;0;2;3;0;0;0;0
"11/12/2021";"09:20:00";"92";"ac03 - Aci";"627.07";"BR-365/MG";"Oeste";"Colisão Traseira";0;0;1;0;0;0;0;0;0;1;2;0;0;0;0
"11/12/2021";"02:14:00";"201";"ac03 - Aci";"166";"BR-364/GO";"Leste";"Colisão Transversal";1;0;0;0;0;0;0;0;0;1;4;0;0;0;0
"12/12/2021";"05:02:00";"192";"ac02 - Aci";"691";"BR-365/MG";"Leste";"Atropelamento de Animal";1;0;0;0;0;0;0;0;0;0;0;2;0;0;0
"12/12/2021";"10:51:00";"271";"ac03 - Aci";"706";"BR-365/MG";"Oeste";"Tombamento";0;0;1;0;0;0;0;0;0;0;1;0;0;0;0
"13/12/2021";"03:09:00";"14";"ac03 - Aci";"718.1";"BR-365/MG";"Leste";"Queda de veículo em ribanceira, ponte ou viaduto";1;0;0;0;0;0;0;0;0;0;1;0;0;0;0
"13/12/2021";"04:49:00";"19";"ac03 - Aci";"698";"BR-365/MG";"Oeste";"Choque - Elemento de Drenagem";1;0;0;0;0;0;0;0;0;0;1;0;0;0;0
"13/12/2021";"07:00:00";"34";"ac02 - Aci";"732.32";"BR-365/MG";"Oeste";"Colisão lateral no mesmo sentido";1;0;1;0;0;0;0;0;0;0;1;1;0;0;0
"14/12/2021";"07:29:00";"53";"ac03 - Aci";"668";"BR-365/MG";"Leste";"Colisão lateral no mesmo sentido";0;0;1;0;0;0;0;0;0;1;3;0;0;0;0
"14/12/2021";"08:25:00";"72";"ac03 - Aci";"171.54";"BR-364/GO";"Oeste";"Colisão Traseira";0;0;1;0;0;1;0;0;0;0;2;0;0;0;0
"14/12/2021";"12:08:00";"158";"ac03 - Aci";"136.6";"BR-364/GO";"Leste";"Colisão Traseira";0;0;2;0;0;0;0;0;0;0;2;0;0;0;0
"14/12/2021";"03:26:00";"217";"ac02 - Aci";"71.08";"BR-364/GO";"Leste";"Choque - Arvore";1;0;0;0;0;0;0;0;0;0;2;2;0;0;0
"14/12/2021";"08:12:00";"276";"ac03 - Aci";"69";"BR-364/GO";"Oeste";"Choque - Elemento de Drenagem";1;0;0;0;0;0;0;0;0;0;2;0;0;0;0
"14/12/2021";"09:35:00";"290";"ac03 - Aci";"103.5";"BR-364/GO";"Leste";"Choque - Outros";0;0;0;0;0;0;0;0;0;1;2;0;0;0;0
"15/12/2021";"10:16:00";"118";"ac03 - Aci";"655.83";"BR-365/MG";"Oeste";"Colisão Transversal";0;0;2;0;0;0;0;0;0;0;2;0;0;0;0
"15/12/2021";"04:59:00";"254";"ac03 - Aci";"656.95";"BR-365/MG";"Oeste";"Atropelamento de Animal";1;0;0;0;0;0;0;0;0;0;1;0;0;0;0
"15/12/2021";"08:24:00";"312";"ac03 - Aci";"687.5";"BR-365/MG";"Leste";"Choque - Outros";0;0;0;0;0;0;0;0;0;1;1;0;0;0;0
"16/12/2021";"12:09:00";"1";"ac03 - Aci";"659";"BR-365/MG";"Leste";"Choque - Talude ou Barranco";0;0;1;0;0;0;0;0;0;0;1;0;0;0;0
"16/12/2021";"06:19:00";"50";"ac02 - Aci";"643";"BR-365/MG";"Leste";"Capotamento";0;0;0;0;0;0;0;0;0;1;0;1;0;0;0
"16/12/2021";"07:30:00";"72";"ac03 - Aci";"97";"BR-364/GO";"Leste";"Tombamento";0;0;1;0;0;0;0;0;0;0;1;0;0;0;0
"16/12/2021";"10:11:00";"137";"ac03 - Aci";"670.5";"BR-365/MG";"Oeste";"Capotamento";1;0;0;0;0;0;0;0;0;0;1;0;0;0;0
"16/12/2021";"08:27:00";"324";"ac02 - Aci";"89";"BR-364/GO";"Oeste";"Colisão Transversal";0;0;1;0;0;0;0;0;0;1;1;0;0;1;0
"16/12/2021";"08:45:00";"327";"ac03 - Aci";"733.9";"BR-365/MG";"Oeste";"Tombamento";0;0;0;0;0;0;0;0;0;1;1;0;0;0;0