data;horario;n_da_ocorrencia;tipo_de_ocorrencia;km;trecho;sentido;tipo_de_acidente;automovel;bicicleta;caminhao;moto;onibus;outros;tracao_animal;transporte_de_cargas_especiais;trator_maquinas;utilitarios;ilesos;levemente_feridos;moderadamente_feridos;gravemente_feridos;mortos
"17/12/2021";"06:05:00";"266";"ac02 - Aci";"809.2";"BR-365/MG";"Oeste";"Queda de Moto";0;0;0;1;0;0;0;0;0;0;1;1;0;0;0
"19/12/2021";"05:58:00";"38";"ac03 - Aci";"681.9";"BR-365/MG";"Leste";"Choque - Elemento de Drenagem";1;0;0;0;0;0;0;0;0;0;2;0;0;0;0
"19/12/2021";"07:01:00";"268";"ac03 - Aci";"789";"BR-365/MG";"Leste";"Choque - Talude ou Barranco";1;0;0;0;0;0;0;0;0;0;2;0;0;0;0
"19/12/2021";"07:25:00";"276";"ac02 - Aci";"728";"BR-365/MG";"Oeste";"Choque - Talude ou Barranco";1;0;0;0;0;0;0;0;0;0;0;1;0;0;0
"19/12/2021";"09:12:00";"295";"ac03 - Aci";"812.99";"BR-365/MG";"Leste";"Choque - Objeto sobre a pista";1;0;0;0;0;0;0;0;0;0;1;0;0;0;0
"19/12/2021";"10:26:00";"308";"ac03 - Aci";"632";"BR-365/MG";"Leste";"Choque - Elemento de Drenagem";0;0;0;0;0;0;0;0;0;1;2;0;0;0;0
"20/12/2021";"01:20:00";"10";"ac03 - Aci";"647";"BR-365/MG";"Leste";"Choque - Meio fio";1;0;0;0;0;0;0;0;0;0;2;0;0;0;0
"21/12/2021";"08:30:00";"293";"ac03 - Aci";"149.2";"BR-364/GO";"Oeste";"Choque - Outros";0;0;1;0;0;0;0;0;0;0;1;0;0;0;0
"21/12/2021";"09:26:00";"306";"ac02 - Aci";"177";"BR-364/GO";"Oeste";"Colisão Frontal";1;0;0;0;0;0;0;0;0;1;1;2;0;0;0
"22/12/2021";"09:39:00";"317";"ac03 - Aci";"825.5";"BR-365/MG";"Oeste";"Choque - Defensa metálica";1;0;0;0;0;0;0;0;0;0;1;0;0;0;0
"23/12/2021";"03:22:00";"21";"ac03 - Aci";"684";"BR-365/MG";"Leste";"Colisão Traseira";0;0;1;0;0;0;0;0;0;1;2;0;0;0;0
"23/12/2021";"05:49:00";"316";"ac03 - Aci";"792.8";"BR-365/MG";"Leste";"Colisão Transversal";1;0;0;0;0;0;0;0;0;1;5;0;0;0;0
"23/12/2021";"06:49:00";"331";"ac03 - Aci";"727.1";"BR-365/MG";"Oeste";"Queda de veículo em ribanceira, ponte ou viaduto";1;0;0;0;0;0;0;0;0;0;5;0;0;0;0
"23/12/2021";"07:56:00";"345";"ac03 - Aci";"757";"BR-365/MG";"Leste";"Choque - Meio fio";1;0;0;0;0;0;0;0;0;0;2;0;0;0;0
"23/12/2021";"11:16:00";"389";"ac03 - Aci";"785.3";"BR-365/MG";"Oeste";"Colisão lateral no sentido contrário";1;0;0;0;0;1;0;0;0;0;2;0;0;0;0
"24/12/2021";"06:01:00";"45";"ac03 - Aci";"750";"BR-365/MG";"Leste";"Colisão Traseira";2;0;0;0;0;0;0;0;0;0;5;0;0;0;0
"24/12/2021";"06:18:00";"49";"ac03 - Aci";"750";"BR-365/MG";"Leste";"Choque - Talude ou Barranco";1;0;0;0;0;0;0;0;0;0;1;0;0;0;0
"26/12/2021";"12:26:00";"1";"ac02 - Aci";"775.5";"BR-365/MG";"Leste";"Atropelamento de Animal";0;0;0;1;0;0;0;0;0;0;0;0;0;1;0
"26/12/2021";"05:40:00";"253";"ac03 - Aci";"191";"BR-364/GO";"Oeste";"Engavetamento";1;0;0;0;0;0;0;0;0;2;4;0;0;0;0
"26/12/2021";"09:12:00";"321";"ac02 - Aci";"790";"BR-365/MG";"Leste";"Choque - Talude ou Barranco";1;0;0;0;0;0;0;0;0;0;0;1;0;0;0
"27/12/2021";"12:08:00";"2";"ac03 - Aci";"153";"BR-364/GO";"Leste";"Queda de Moto";0;0;0;1;0;0;0;0;0;0;1;0;0;0;0
"27/12/2021";"03:34:00";"246";"ac03 - Aci";"148.7";"BR-364/GO";"Leste";"Colisão Traseira";0;0;2;0;0;0;0;0;0;0;2;0;0;0;0
"28/12/2021";"04:36:00";"25";"ac02 - Aci";"628.5";"BR-365/MG";"Oeste";"Queda de Moto";0;0;0;1;0;0;0;0;0;0;0;1;1;0;0
"28/12/2021";"10:47:00";"137";"ac03 - Aci";"645.4";"BR-365/MG";"Leste";"Choque - Sinalização";0;0;1;0;0;0;0;0;0;0;1;0;0;0;0
"29/12/2021";"02:13:00";"184";"ac03 - Aci";"763.53";"BR-365/MG";"Leste";"Choque - Elemento de Drenagem";0;0;0;0;0;0;0;0;0;1;1;0;0;0;0
"29/12/2021";"09:05:00";"291";"ac03 - Aci";"663";"BR-365/MG";"Leste";"Choque - Defensa metálica";0;0;1;0;0;0;0;0;0;0;1;0;0;0;0
"30/12/2021";"06:26:00";"239";"ac03 - Aci";"673";"BR-365/MG";"Leste";"Choque - Talude ou Barranco";0;0;0;0;0;0;0;0;0;1;1;0;0;0;0
"30/12/2021";"09:14:00";"289";"ac02 - Aci";"626.6";"BR-365/MG";"Leste";"Colisão Frontal";1;0;0;0;0;0;0;0;0;1;1;1;0;0;0
"31/12/2021";"02:37:00";"13";"ac03 - Aci";"841";"BR-365/MG";"Leste";"Atropelamento de Animal";0;0;0;0;0;0;0;0;0;1;1;0;0;0;0
"01/01/2022";"05:33:00";"18";"ac01 - Aci";"786.16";"BR-365/MG";"Oeste";"Colisão Frontal";1;0;0;1;0;0;0;0;0;0;0;0;0;0;2
"02/01/2022";"05:09:00";"17";"ac03 - Aci";"843.5";"BR-365/MG";"Leste";"Atropelamento de Animal";1;0;0;0;0;0;0;0;0;0;1;0;0;0;0
"02/01/2022";"11:56:00";"99";"ac02 - Aci";"58.42";"BR-364/GO";"Oeste";"Choque - Defensa metálica";0;0;0;1;0;0;0;0;0;0;0;0;0;1;0
"02/01/2022";"04:42:00";"184";"ac03 - Aci";"70.8";"BR-364/GO";"Leste";"Choque - Sinalização";1;0;0;0;0;0;0;0;0;0;4;0;0;0;0
"02/01/2022";"06:23:00";"210";"ac02 - Aci";"117.2";"BR-364/GO";"Leste";"Colisão Frontal";0;0;0;0;0;0;0;0;0;2;5;2;1;2;0
"05/01/2022";"08:23:00";"61";"ac02 - Aci";"787.12";"BR-365/MG";"Oeste";"Colisão Transversal";1;0;0;1;0;0;0;0;0;0;4;0;1;0;0
"05/01/2022";"02:42:00";"221";"ac02 - Aci";"643.15";"BR-365/MG";"Leste";"Choque - Elemento de Drenagem";1;0;0;0;0;0;0;0;0;0;0;1;0;0;0
"06/01/2022";"10:37:00";"120";"ac03 - Aci";"792.95";"BR-365/MG";"Leste";"Colisão Traseira";2;0;0;0;0;0;0;0;0;0;4;0;0;0;0
"06/01/2022";"12:51:00";"152";"ac03 - Aci";"178.6";"BR-364/GO";"Oeste";"Colisão lateral no mesmo sentido";1;0;1;0;0;0;0;0;0;0;4;0;0;0;0
"07/01/2022";"03:48:00";"12";"ac02 - Aci";"739.4";"BR-365/MG";"Leste";"Choque - New jersey";0;0;1;0;0;0;0;0;0;0;0;1;0;0;0
"07/01/2022";"01:21:00";"159";"ac03 - Aci";"704.25";"BR-365/MG";"Oeste";"Choque - Elemento de Drenagem";1;0;0;0;0;0;0;0;0;0;4;0;0;0;0
"07/01/2022";"03:08:00";"184";"ac03 - Aci";"672";"BR-365/MG";"Oeste";"Choque - Elemento de Drenagem";1;0;0;0;0;0;0;0;0;0;2;0;0;0;0
"07/01/2022";"03:29:00";"192";"ac03 - Aci";"678";"BR-365/MG";"Leste";"Choque - Elemento de Drenagem";0;0;0;0;0;0;0;0;0;1;1;0;0;0;0
"08/01/2022";"12:27:00";"180";"ac03 - Aci";"643.15";"BR-365/MG";"Leste";"Choque - Sinalização";1;0;0;0;0;0;0;0;0;0;1;0;0;0;0
"08/01/2022";"12:51:00";"189";"ac02 - Aci";"643.15";"BR-365/MG";"Leste";"Capotamento";0;0;0;0;0;0;0;0;0;1;1;0;2;0;0
"08/01/2022";"03:10:00";"232";"ac02 - Aci";"685.8";"BR-365/MG";"Oeste";"Choque - Defensa metálica";0;0;0;0;0;0;0;0;0;1;3;1;0;0;0
"08/01/2022";"03:27:00";"239";"ac03 - Aci";"685.8";"BR-365/MG";"Oeste";"Colisão Traseira";1;0;0;0;0;0;0;0;0;0;2;0;0;0;0
"08/01/2022";"06:05:00";"285";"ac03 - Aci";"676";"BR-365/MG";"Oeste";"Capotamento";0;0;0;0;0;0;0;0;0;1;1;0;0;0;0
"09/01/2022";"12:18:00";"146";"ac03 - Aci";"647.9";"BR-365/MG";"Oeste";"Choque - Elemento de Drenagem";1;0;0;0;0;0;0;0;0;0;1;0;0;0;0
"09/01/2022";"05:26:00";"219";"ac02 - Aci";"674.05";"BR-365/MG";"Leste";"Choque - Elemento de Drenagem";1;0;0;0;0;0;0;0;0;0;0;1;0;0;0
"09/01/2022";"09:54:00";"274";"ac02 - Aci";"137";"BR-364/GO";"Oeste";"Choque - Outros";1;0;0;0;0;0;0;0;0;0;0;1;0;0;0
"09/01/2022";"10:29:00";"280";"ac02 - Aci";"108.2";"BR-364/GO";"Leste";"Queda de Moto";0;0;0;1;0;0;0;0;0;0;1;0;1;0;0
"10/01/2022";"09:35:00";"310";"ac02 - Aci";"691.7";"BR-365/MG";"Oeste";"Capotamento";1;0;0;0;0;0;0;0;0;0;0;3;2;0;0
"11/01/2022";"11:36:00";"167";"ac03 - Aci";"662";"BR-365/MG";"Oeste";"Choque - Sinalização";1;0;0;0;0;0;0;0;0;0;1;0;0;0;0
"12/01/2022";"09:38:00";"128";"ac02 - Aci";"665";"BR-365/MG";"Leste";"Atropelamento de Animal";0;0;0;0;0;0;0;0;0;1;1;2;0;0;0
"12/01/2022";"04:52:00";"286";"ac03 - Aci";"20";"BR-364/GO";"Leste";"Choque - Sinalização";0;0;1;0;0;0;0;0;0;0;6;0;0;0;0
"13/01/2022";"09:57:00";"300";"ac02 - Aci";"706";"BR-365/MG";"Oeste";"Colisão lateral no mesmo sentido";0;0;2;0;0;0;0;0;0;0;1;1;0;0;0
"15/01/2022";"02:46:00";"15";"ac03 - Aci";"749";"BR-365/MG";"Oeste";"Queda de Carro";0;0;0;0;0;0;0;0;0;1;2;0;0;0;0
"16/01/2022";"03:02:00";"11";"ac02 - Aci";"756.5";"BR-365/MG";"Oeste";"Queda de Moto";0;0;0;1;0;0;0;0;0;0;0;0;1;0;0
"16/01/2022";"05:13:00";"222";"ac03 - Aci";"641.78";"BR-365/MG";"Oeste";"Choque - Elemento de Drenagem";1;0;0;0;0;0;0;0;0;0;1;0;0;0;0
"16/01/2022";"05:45:00";"228";"ac02 - Aci";"829.15";"BR-365/MG";"Oeste";"Colisão Frontal";2;0;0;0;0;0;0;0;0;0;0;4;0;0;0
"16/01/2022";"08:07:00";"276";"ac03 - Aci";"837.8";"BR-365/MG";"Oeste";"Atropelamento de Animal";0;0;0;0;0;0;0;0;0;1;1;0;0;0;0
"17/01/2022";"10:54:00";"125";"ac02 - Aci";"1.79";"BR-364/GO";"Leste";"Queda de Ciclista";0;1;0;0;0;0;0;0;0;0;0;1;0;0;0
"18/01/2022";"11:36:00";"132";"ac02 - Aci";"775.38";"BR-365/MG";"Oeste";"Colisão lateral no mesmo sentido";2;0;0;0;0;0;0;0;0;0;5;1;0;0;0
"19/01/2022";"10:06:00";"123";"ac02 - Aci";"689";"BR-365/MG";"Leste";"Colisão Traseira";0;0;0;1;0;0;0;0;0;1;1;0;0;1;0
"20/01/2022";"05:50:00";"277";"ac03 - Aci";"170.14";"BR-364/GO";"Leste";"Choque - Elemento de Drenagem";0;0;0;0;0;0;0;0;0;1;2;0;0;0;0
"21/01/2022";"01:50:00";"15";"ac02 - Aci";"641.9";"BR-365/MG";"Leste";"Choque - Defensa metálica";0;0;0;0;0;0;0;0;0;1;0;1;0;0;0
"22/01/2022";"11:07:00";"134";"ac02 - Aci";"89";"BR-364/GO";"Oeste";"Colisão Transversal";0;0;2;0;0;0;0;0;0;0;1;1;0;0;0
"22/01/2022";"12:34:00";"145";"ac03 - Aci";"628.1";"BR-365/MG";"Oeste";"Choque - Meio fio";1;0;0;0;0;0;0;0;0;0;3;0;0;0;0
"22/01/2022";"01:53:00";"165";"ac03 - Aci";"113";"BR-364/GO";"Leste";"Colisão lateral no mesmo sentido";0;0;1;0;0;0;0;0;0;1;2;0;0;0;0
"22/01/2022";"11:07:00";"295";"ac03 - Aci";"751";"BR-365/MG";"Leste";"Choque - Elemento de Drenagem";0;0;1;0;0;0;0;0;0;0;2;0;0;0;0
"23/01/2022";"02:32:00";"11";"ac01 - Aci";"15.6";"BR-364/GO";"Oeste";"Atropelamento de Animal";0;0;0;1;0;0;0;0;0;0;0;1;0;0;1
"24/01/2022";"09:48:00";"111";"ac03 - Aci";"187.85";"BR-364/GO";"Leste";"Tombamento";0;0;1;0;0;0;0;0;0;0;1;0;0;0;0
"24/01/2022";"10:56:00";"155";"ac03 - Aci";"651";"BR-365/MG";"Leste";"Choque - Meio fio";1;0;0;0;0;0;0;0;0;0;2;0;0;0;0
"25/01/2022";"11:56:00";"138";"ac03 - Aci";"666.1";"BR-365/MG";"Oeste";"Choque - Elemento de Drenagem";0;0;1;0;0;0;0;0;0;0;1;0;0;0;0
"26/01/2022";"04:43:00";"17";"ac03 - Aci";"677";"BR-365/MG";"Leste";"Capotamento";1;0;0;0;0;0;0;0;0;0;1;0;0;0;0
"26/01/2022";"10:52:00";"135";"ac02 - Aci";"160.18";"BR-364/GO";"Leste";"Colisão Traseira";1;0;1;0;0;0;0;0;0;0;3;1;0;0;0
"26/01/2022";"06:45:00";"273";"ac03 - Aci";"667.2";"BR-365/MG";"Leste";"Colisão lateral no mesmo sentido";0;0;1;1;0;0;0;0;0;0;2;0;0;0;0
"27/01/2022";"06:49:00";"54";"ac03 - Aci";"704";"BR-365/MG";"Oeste";"Choque - Sinalização";0;0;1;0;0;0;0;0;0;0;1;0;0;0;0
"27/01/2022";"05:57:00";"311";"ac03 - Aci";"767";"BR-365/MG";"Leste";"Queda de Moto";0;0;0;1;0;0;0;0;0;0;1;0;0;0;0
"27/01/2022";"10:25:00";"382";"ac02 - Aci";"626.8";"BR-365/MG";"Leste";"Queda de Ciclista";0;1;0;0;0;0;0;0;0;0;0;1;0;0;0
"28/01/2022";"04:45:00";"24";"ac02 - Aci";"21.98";"BR-364/GO";"Leste";"Choque - Meio fio";0;0;0;1;0;0;0;0;0;0;1;0;1;0;0
"28/01/2022";"08:27:00";"79";"ac02 - Aci";"89.12";"BR-364/GO";"Oeste";"Colisão Transversal";1;0;0;0;0;0;0;0;0;1;1;3;0;0;0
"28/01/2022";"09:19:00";"321";"ac03 - Aci";"153.54";"BR-364/GO";"Leste";"Atropelamento de Animal";1;0;0;0;0;0;0;0;0;0;1;0;0;0;0
"29/01/2022";"07:50:00";"51";"ac03 - Aci";"782.46";"BR-365/MG";"Oeste";"Atropelamento de Animal";0;0;0;0;0;0;0;0;0;1;2;0;0;0;0
"29/01/2022";"06:01:00";"228";"ac02 - Aci";"734.88";"BR-365/MG";"Oeste";"Queda de Moto";0;0;0;1;0;0;0;0;0;0;1;1;0;0;0
"30/01/2022";"07:06:00";"241";"ac03 - Aci";"771.36";"BR-365/MG";"Leste";"Capotamento";1;0;0;0;0;0;0;0;0;0;4;0;0;0;0
"30/01/2022";"09:19:00";"272";"ac02 - Aci";"700";"BR-365/MG";"Leste";"Choque - Outros";0;0;0;0;0;1;0;0;0;1;3;1;0;0;0
"30/01/2022";"11:31:00";"285";"ac03 - Aci";"726.8";"BR-365/MG";"Oeste";"Capotamento";0;0;1;0;0;0;0;0;0;0;1;0;0;0;0
"01/02/2022";"04:41:00";"203";"ac02 - Aci";"636";"BR-365/MG";"Leste";"Choque - Meio fio";1;0;0;0;0;1;0;0;0;0;0;0;1;0;0
"02/02/2022";"11:31:00";"152";"ac03 - Aci";"668.76";"BR-365/MG";"Leste";"Tombamento";0;0;1;0;0;0;0;0;0;0;1;0;0;0;0
"02/02/2022";"11:37:00";"156";"ac02 - Aci";"750.8";"BR-365/MG";"Oeste";"Engavetamento";2;0;1;0;0;0;0;0;0;0;2;0;1;0;0
"03/02/2022";"06:51:00";"49";"ac03 - Aci";"673";"BR-365/MG";"Leste";"Choque - Sinalização";0;0;1;0;0;0;0;0;0;0;1;0;0;0;0
"03/02/2022";"01:25:00";"204";"ac03 - Aci";"706.345";"BR-365/MG";"Leste";"Colisão lateral no mesmo sentido";1;0;0;0;0;1;0;0;0;0;5;0;0;0;0
"04/02/2022";"05:23:00";"35";"ac02 - Aci";"756.5";"BR-365/MG";"Leste";"Queda de Moto";0;0;0;1;0;0;0;0;0;0;0;0;1;0;0
"05/02/2022";"09:49:00";"122";"ac02 - Aci";"183.61";"BR-364/GO";"Leste";"Colisão Transversal";0;0;2;0;0;0;0;0;0;0;1;1;0;0;0
"06/02/2022";"05:12:00";"241";"ac03 - Aci";"21.69";"BR-364/GO";"Oeste";"Choque - Meio fio";1;0;0;0;0;0;0;0;0;0;1;0;0;0;0
"06/02/2022";"09:26:00";"299";"ac02 - Aci";"768.8";"BR-365/MG";"Oeste";"Atropelamento de Animal";1;0;0;0;0;0;0;0;0;0;4;1;0;0;0
"06/02/2022";"11:29:00";"322";"ac03 - Aci";"113.23";"BR-364/GO";"Leste";"Choque - Meio fio";1;0;0;0;0;0;0;0;0;0;1;0;0;0;0
"08/02/2022";"08:08:00";"50";"ac03 - Aci";"736.75";"BR-365/MG";"Oeste";"Engavetamento";0;0;1;0;1;0;0;0;0;1;4;0;0;0;0
"09/02/2022";"12:07:00";"3";"ac03 - Aci";"685.6";"BR-365/MG";"Leste";"Atropelamento de Animal";0;0;0;1;0;0;0;0;0;0;1;0;0;0;0
"09/02/2022";"01:31:00";"249";"ac03 - Aci";"764";"BR-365/MG";"Oeste";"Choque - Talude ou Barranco";0;0;1;0;0;0;0;0;0;0;1;0;0;0;0
"09/02/2022";"07:55:00";"360";"ac03 - Aci";"770.95";"BR-365/MG";"Leste";"Atropelamento de Animal";1;0;0;0;0;0;0;0;0;0;1;0;0;0;0
"11/02/2022";"07:05:00";"286";"ac02 - Aci";"839";"BR-365/MG";"Leste";"Choque - Talude ou Barranco";0;0;0;0;0;0;0;0;0;1;0;0;1;0;0
"12/02/2022";"04:49:00";"237";"ac02 - Aci";"643.21";"BR-365/MG";"Leste";"Capotamento";0;0;0;0;0;0;0;0;0;1;1;1;0;0;0
"12/02/2022";"06:44:00";"268";"ac03 - Aci";"702.3";"BR-365/MG";"Leste";"Objeto lançado contra veículo";1;0;1;0;0;0;0;0;0;0;3;0;0;0;0
"13/02/2022";"07:12:00";"46";"ac02 - Aci";"740.443";"BR-365/MG";"Leste";"Capotamento";1;0;0;0;0;0;0;0;0;0;0;1;0;0;0
"14/02/2022";"11:44:00";"170";"ac03 - Aci";"156.55";"BR-364/GO";"Oeste";"Colisão Traseira";0;0;2;0;0;0;0;0;0;0;3;0;0;0;0
"14/02/2022";"12:14:00";"186";"ac02 - Aci";"149";"BR-364/GO";"Leste";"Capotamento";0;0;0;0;0;0;0;0;0;1;0;0;1;0;0
"14/02/2022";"01:17:00";"202";"ac02 - Aci";"802.5";"BR-365/MG";"Oeste";"Colisão Frontal";2;0;0;0;0;0;0;0;0;0;2;0;1;0;0
"15/02/2022";"03:23:00";"247";"ac03 - Aci";"179.85";"BR-364/GO";"Oeste";"Colisão Traseira";0;0;2;0;0;0;0;0;0;0;2;0;0;0;0
"16/02/2022";"07:26:00";"60";"ac03 - Aci";"628.8";"BR-365/MG";"Oeste";"Colisão Traseira";2;0;0;0;0;0;0;0;0;0;2;0;0;0;0
"17/02/2022";"07:34:00";"54";"ac03 - Aci";"757.08";"BR-365/MG";"Leste";"Choque - Meio fio";1;0;0;0;0;0;0;0;0;0;1;0;0;0;0
"18/02/2022";"01:05:00";"210";"ac03 - Aci";"752.94";"BR-365/MG";"Leste";"Colisão Frontal";0;0;1;1;0;0;0;0;0;0;3;0;0;0;0
"18/02/2022";"04:54:00";"299";"ac03 - Aci";"751";"BR-365/MG";"Leste";"Colisão Traseira";1;0;1;0;0;0;0;0;0;0;3;0;0;0;0
"19/02/2022";"04:18:00";"202";"ac03 - Aci";"149.9";"BR-364/GO";"Oeste";"Capotamento";0;0;0;0;0;0;0;0;0;1;4;0;0;0;0
"20/02/2022";"05:43:00";"217";"ac02 - Aci";"674";"BR-365/MG";"Leste";"Choque - Talude ou Barranco";1;0;0;0;0;0;0;0;0;0;1;1;0;0;0
"20/02/2022";"09:07:00";"261";"ac03 - Aci";"798.5";"BR-365/MG";"Oeste";"Atropelamento de Animal";1;0;0;0;0;0;0;0;0;0;3;0;0;0;0
"20/02/2022";"09:20:00";"266";"ac02 - Aci";"798";"BR-365/MG";"Leste";"Capotamento";1;0;0;0;0;0;0;0;0;0;0;1;0;0;0
"21/02/2022";"07:38:00";"348";"ac02 - Aci";"735";"BR-365/MG";"Oeste";"Colisão Traseira";1;0;1;0;0;0;0;0;0;0;1;1;0;0;0
"22/02/2022";"11:03:00";"336";"ac02 - Aci";"665";"BR-365/MG";"Oeste";"Choque - Elemento de Drenagem";1;0;0;0;0;0;0;0;0;0;0;1;0;0;0
"23/02/2022";"09:28:00";"118";"ac03 - Aci";"167.55";"BR-364/GO";"Leste";"Queda de Moto";0;0;0;1;0;0;0;0;0;0;1;0;0;0;0
"24/02/2022";"09:30:00";"109";"ac02 - Aci";"706.7";"BR-365/MG";"Leste";"Tombamento";0;0;1;0;0;0;0;0;0;0;0;1;0;0;0
"24/02/2022";"06:11:00";"294";"ac03 - Aci";"655.7";"BR-365/MG";"Leste";"Choque - Outros";0;0;0;0;0;0;0;0;0;1;2;0;0;0;0
"24/02/2022";"07:51:00";"329";"ac02 - Aci";"176.089";"BR-364/GO";"Leste";"Colisão lateral no sentido contrário";0;0;0;0;0;0;0;0;0;2;3;1;0;0;0
"25/02/2022";"02:28:00";"257";"ac03 - Aci";"628";"BR-365/MG";"Oeste";"Colisão lateral no mesmo sentido";1;0;0;0;0;0;0;0;0;1;5;0;0;0;0
"25/02/2022";"06:30:00";"325";"ac03 - Aci";"175";"BR-364/GO";"Leste";"Queda de Moto";0;0;0;1;0;0;0;0;0;0;2;0;0;0;0
"27/02/2022";"09:03:00";"303";"ac03 - Aci";"753.94";"BR-365/MG";"Leste";"Choque - Talude ou Barranco";0;0;0;0;0;0;0;0;0;1;2;0;0;0;0
"28/02/2022";"12:12:00";"4";"ac03 - Aci";"755";"BR-365/MG";"Oeste";"Choque - Meio fio";1;0;0;0;0;0;0;0;0;0;1;0;0;0;0
"28/02/2022";"12:17:00";"6";"ac02 - Aci";"173.93";"BR-364/GO";"Leste";"Choque - Talude ou Barranco";0;0;1;0;0;0;0;0;0;0;0;0;1;0;0
"28/02/2022";"01:26:00";"14";"ac03 - Aci";"706";"BR-365/MG";"Leste";"Choque - Meio fio";0;0;1;0;0;0;0;0;0;0;2;0;0;0;0
"28/02/2022";"04:55:00";"32";"ac03 - Aci";"190.74";"BR-364/GO";"Leste";"Choque - Sinalização";0;0;1;0;0;0;0;0;0;0;0;0;0;0;0
"28/02/2022";"01:35:00";"190";"ac02 - Aci";"174";"BR-364/GO";"Leste";"Colisão Transversal";0;0;1;1;0;0;0;0;0;0;1;0;0;1;0
"02/03/2022";"04:39:00";"287";"ac02 - Aci";"152";"BR-364/GO";"Oeste";"Colisão Traseira";0;0;1;0;0;0;0;0;0;1;2;0;4;0;0
"02/03/2022";"07:40:00";"343";"ac03 - Aci";"760";"BR-365/MG";"Oeste";"Atropelamento de Animal";1;0;0;0;0;0;0;0;0;0;1;0;0;0;0
"03/03/2022";"09:34:00";"129";"ac03 - Aci";"654.8";"BR-365/MG";"Oeste";"Colisão Traseira";0;0;1;0;0;0;0;0;0;1;3;0;0;0;0
"03/03/2022";"02:28:00";"249";"ac02 - Aci";"706";"BR-365/MG";"Oeste";"Tombamento";0;0;1;0;0;0;0;0;0;0;0;1;0;0;0
"03/03/2022";"09:03:00";"353";"ac03 - Aci";"643";"BR-365/MG";"Leste";"Choque - Elemento de Drenagem";1;0;0;0;0;0;0;0;0;0;2;0;0;0;0
"05/03/2022";"08:46:00";"98";"ac02 - Aci";"678.6";"BR-365/MG";"Leste";"Queda de Moto";0;0;0;1;0;0;0;0;0;0;0;0;1;0;0
"05/03/2022";"07:49:00";"316";"ac03 - Aci";"770.5";"BR-365/MG";"Leste";"Capotamento";0;0;0;0;0;0;0;0;0;1;2;0;0;0;0
"06/03/2022";"04:51:00";"27";"ac01 - Aci";"826.2";"BR-365/MG";"Leste";"Colisão Frontal";1;0;0;1;0;0;0;0;0;0;2;1;0;1;1
"07/03/2022";"06:58:00";"296";"ac03 - Aci";"717.4";"BR-365/MG";"Leste";"Choque - Talude ou Barranco";0;0;1;0;0;0;0;0;0;0;1;0;0;0;0
"08/03/2022";"03:15:00";"25";"ac03 - Aci";"688";"BR-365/MG";"Oeste";"Atropelamento de Animal";0;0;1;0;0;0;0;0;0;0;1;0;0;0;0
"08/03/2022";"05:42:00";"285";"ac02 - Aci";"787.95";"BR-365/MG";"Leste";"Choque - Talude ou Barranco";1;0;0;0;0;0;0;0;0;0;0;1;0;0;0
"09/03/2022";"05:16:00";"29";"ac02 - Aci";"855.3";"BR-365/MG";"Leste";"Colisão lateral no mesmo sentido";0;0;0;0;1;0;0;0;1;0;30;1;0;0;0
"10/03/2022";"08:19:00";"85";"ac03 - Aci";"93.12";"BR-364/GO";"Oeste";"Colisão Transversal";1;0;1;0;0;0;0;0;0;0;4;0;0;0;0
"10/03/2022";"03:37:00";"278";"ac03 - Aci";"706.6";"BR-365/MG";"Leste";"Tombamento";0;0;1;0;0;0;0;0;0;0;1;0;0;0;0
"10/03/2022";"05:16:00";"307";"ac02 - Aci";"767.94";"BR-365/MG";"Oeste";"Colisão Transversal";0;0;0;0;0;0;0;0;0;2;5;1;0;0;0
"10/03/2022";"07:55:00";"356";"ac02 - Aci";"868";"BR-365/MG";"Leste";"Colisão lateral no mesmo sentido";0;0;1;0;0;0;0;0;0;1;0;0;1;0;0
"11/03/2022";"11:07:00";"149";"ac03 - Aci";"756.8";"BR-365/MG";"Leste";"Choque - Meio fio";1;0;0;0;0;0;0;0;0;0;3;0;0;0;0
"11/03/2022";"02:10:00";"207";"ac03 - Aci";"648.2";"BR-365/MG";"Leste";"Choque - Elemento de Drenagem";1;0;0;0;0;0;0;0;0;0;2;0;0;0;0
"11/03/2022";"04:38:00";"253";"ac03 - Aci";"680.92";"BR-365/MG";"Oeste";"Choque - Elemento de Drenagem";0;0;1;0;0;0;0;0;0;0;1;0;0;0;0
"12/03/2022";"03:15:00";"24";"ac03 - Aci";"706";"BR-365/MG";"Oeste";"Choque - Outros";0;0;1;0;0;0;0;0;0;0;2;0;0;0;0
"12/03/2022";"01:48:00";"158";"ac03 - Aci";"681.17";"BR-365/MG";"Leste";"Choque - Elemento de Drenagem";1;0;0;0;0;0;0;0;0;0;3;0;0;0;0
"12/03/2022";"11:32:00";"318";"ac03 - Aci";"133.1";"BR-364/GO";"Leste";"Choque - Meio fio";1;0;0;0;0;0;0;0;0;0;4;0;0;0;0
"13/03/2022";"05:13:00";"22";"ac02 - Aci";"716";"BR-365/MG";"Leste";"Choque - Defensa metálica";1;0;0;0;0;0;0;0;0;0;0;2;0;0;0
"13/03/2022";"05:21:00";"23";"ac03 - Aci";"750.6";"BR-365/MG";"Leste";"Choque - Elemento de Drenagem";0;0;0;0;1;0;0;0;0;0;1;0;0;0;0
"13/03/2022";"06:12:00";"32";"ac03 - Aci";"750";"BR-365/MG";"Leste";"Queda de Moto";0;0;0;1;0;0;0;0;0;0;2;0;0;0;0
"13/03/2022";"06:19:00";"35";"ac03 - Aci";"750";"BR-365/MG";"Leste";"Choque - Elemento de Drenagem";0;0;0;0;1;0;0;0;0;0;1;0;0;0;0