data;horario;n_da_ocorrencia;tipo_de_ocorrencia;km;trecho;sentido;tipo_de_acidente;automovel;bicicleta;caminhao;moto;onibus;outros;tracao_animal;transporte_de_cargas_especiais;trator_maquinas;utilitarios;ilesos;levemente_feridos;moderadamente_feridos;gravemente_feridos;mortos
"13/03/2022";"05:23:00";"206";"ac02 - Aci";"696.7";"BR-365/MG";"Oeste";"Queda de Moto";0;0;0;1;0;0;0;0;0;0;0;1;1;0;0
"13/03/2022";"07:55:00";"253";"ac03 - Aci";"847.08";"BR-365/MG";"Leste";"Atropelamento de Animal";1;0;0;0;0;0;0;0;0;0;3;0;0;0;0
"13/03/2022";"09:42:00";"282";"ac03 - Aci";"20.037";"BR-364/GO";"Oeste";"Colisão Traseira";0;0;0;1;0;0;0;0;0;0;1;0;0;0;0
"14/03/2022";"12:33:00";"8";"ac03 - Aci";"823";"BR-365/MG";"Oeste";"Choque - Defensa metálica";1;0;0;0;0;0;0;0;0;0;1;0;0;0;0
"16/03/2022";"05:16:00";"247";"ac02 - Aci";"20.05";"BR-364/GO";"Oeste";"Colisão lateral no mesmo sentido";0;0;2;0;0;0;0;0;0;0;1;2;0;0;0
"17/03/2022";"12:15:00";"179";"ac03 - Aci";"695.8";"BR-365/MG";"Oeste";"Choque - Arvore";1;0;0;0;0;0;0;0;0;0;1;0;0;0;0
"18/03/2022";"12:26:00";"163";"ac02 - Aci";"749.6";"BR-365/MG";"Oeste";"Tombamento";0;0;1;0;0;0;0;0;0;0;0;1;0;0;0
"18/03/2022";"03:39:00";"235";"ac02 - Aci";"655.6";"BR-365/MG";"Leste";"Engavetamento";0;0;1;0;0;0;0;0;0;2;3;4;0;0;0
"18/03/2022";"07:20:00";"297";"ac03 - Aci";"645";"BR-365/MG";"Leste";"Colisão Traseira";1;0;1;0;0;0;0;0;0;0;2;0;0;0;0
"18/03/2022";"09:45:00";"338";"ac03 - Aci";"111.9";"BR-364/GO";"Leste";"Colisão Traseira";2;0;0;0;0;1;0;0;0;0;6;0;0;0;0
"19/03/2022";"12:35:00";"4";"ac03 - Aci";"689";"BR-365/MG";"Leste";"Choque - Meio fio";0;0;1;0;0;0;0;0;0;0;1;0;0;0;0
"19/03/2022";"06:22:00";"37";"ac02 - Aci";"687.09";"BR-365/MG";"Leste";"Choque - New jersey";0;0;1;0;0;0;0;0;0;0;0;1;0;0;0
"19/03/2022";"08:25:00";"278";"ac03 - Aci";"717";"BR-365/MG";"Oeste";"Choque - Sinalização";0;0;0;0;0;0;0;0;0;1;1;0;0;0;0
"20/03/2022";"08:54:00";"74";"ac03 - Aci";"89";"BR-364/GO";"Oeste";"Colisão Transversal";0;0;2;0;0;0;0;0;0;0;2;0;0;0;0
"20/03/2022";"07:09:00";"252";"ac02 - Aci";"844";"BR-365/MG";"Oeste";"Capotamento";1;0;0;0;0;0;0;0;0;0;2;3;0;0;0
"21/03/2022";"12:07:00";"4";"ac02 - Aci";"727.05";"BR-365/MG";"Leste";"Queda de veículo em ribanceira, ponte ou viaduto";0;0;0;0;0;0;0;0;0;1;3;1;2;0;0
"21/03/2022";"12:26:00";"169";"ac02 - Aci";"678.6";"BR-365/MG";"Leste";"Queda de Moto";0;0;0;1;0;0;0;0;0;0;0;1;1;0;0
"23/03/2022";"09:22:00";"93";"ac03 - Aci";"645.4";"BR-365/MG";"Leste";"Colisão Traseira";2;0;0;0;0;0;0;0;0;0;2;0;0;0;0
"23/03/2022";"02:05:00";"181";"ac02 - Aci";"772.6";"BR-365/MG";"Oeste";"Queda de Moto";0;0;0;1;0;0;0;0;0;0;0;2;0;0;0
"24/03/2022";"08:34:00";"81";"ac03 - Aci";"683.03";"BR-365/MG";"Leste";"Choque - Elemento de Drenagem";1;0;0;0;0;0;0;0;0;0;1;0;0;0;0
"24/03/2022";"08:51:00";"310";"ac02 - Aci";"757.5";"BR-365/MG";"Leste";"Queda de Moto";0;0;0;1;0;0;0;0;0;0;0;1;0;0;0
"25/03/2022";"01:59:00";"15";"ac02 - Aci";"650.47";"BR-365/MG";"Oeste";"Choque - Talude ou Barranco";0;0;1;0;0;0;0;0;0;0;0;1;0;0;0
"25/03/2022";"02:46:00";"21";"ac03 - Aci";"649";"BR-365/MG";"Leste";"Atropelamento de Animal";0;0;1;0;0;0;0;0;0;0;1;0;0;0;0
"25/03/2022";"03:29:00";"24";"ac03 - Aci";"641.21";"BR-365/MG";"Oeste";"Choque - Meio fio";1;0;0;0;0;0;0;0;0;0;1;0;0;0;0
"25/03/2022";"05:17:00";"267";"ac03 - Aci";"645.6";"BR-365/MG";"Oeste";"Colisão Traseira";2;0;0;0;0;0;0;0;0;0;4;0;0;0;0
"25/03/2022";"08:08:00";"316";"ac02 - Aci";"638";"BR-365/MG";"Leste";"Atropelamento de Animal";1;0;0;0;0;0;0;0;0;0;0;0;1;0;0
"26/03/2022";"01:25:00";"13";"ac03 - Aci";"869.07";"BR-365/MG";"Oeste";"Choque - Talude ou Barranco";1;0;0;0;0;0;0;0;0;0;2;0;0;0;0
"26/03/2022";"02:54:00";"22";"ac03 - Aci";"638.4";"BR-365/MG";"Oeste";"Atropelamento de Animal";0;0;1;0;0;0;0;0;0;0;1;0;0;0;0
"26/03/2022";"04:08:00";"32";"ac03 - Aci";"713.5";"BR-365/MG";"Oeste";"Choque - Elemento de Drenagem";0;0;0;0;0;0;0;0;0;1;0;0;0;0;0
"26/03/2022";"02:01:00";"210";"ac02 - Aci";"69.9";"BR-364/GO";"Oeste";"Engavetamento";2;0;1;0;0;0;0;0;0;0;3;0;0;1;0
"26/03/2022";"06:06:00";"274";"ac02 - Aci";"716.55";"BR-365/MG";"Oeste";"Capotamento";1;0;0;0;0;0;0;0;0;0;4;1;0;0;0
"27/03/2022";"02:37:00";"17";"ac02 - Aci";"861.2";"BR-365/MG";"Oeste";"Choque - Sinalização";0;0;0;0;0;0;0;0;0;1;0;1;0;0;0
"28/03/2022";"07:44:00";"52";"ac03 - Aci";"727.38";"BR-365/MG";"Leste";"Choque - Defensa metálica";0;0;0;0;0;0;0;0;0;1;1;0;0;0;0
"28/03/2022";"08:13:00";"59";"ac02 - Aci";"724.35";"BR-365/MG";"Oeste";"Capotamento";1;0;0;0;0;0;0;0;0;0;2;1;0;0;0
"28/03/2022";"02:04:00";"188";"ac02 - Aci";"627.8";"BR-365/MG";"Oeste";"Choque - Arvore";0;0;0;0;0;0;0;0;0;1;0;1;0;0;0
"28/03/2022";"07:37:00";"294";"ac01 - Aci";"758.9";"BR-365/MG";"Oeste";"Atropelamento - Pedestre";0;0;0;0;0;0;0;0;0;1;15;0;0;0;1
"29/03/2022";"06:15:00";"31";"ac02 - Aci";"641.5";"BR-365/MG";"Oeste";"Atropelamento de Animal";0;0;0;1;0;0;0;0;0;0;0;0;1;0;0
"29/03/2022";"08:33:00";"85";"ac03 - Aci";"706";"BR-365/MG";"Oeste";"Tombamento";0;0;1;0;0;0;0;0;0;0;1;0;0;0;0
"29/03/2022";"02:18:00";"239";"ac03 - Aci";"73";"BR-364/GO";"Leste";"Choque - Objeto sobre a pista";1;0;0;0;0;0;0;0;0;0;3;0;0;0;0
"29/03/2022";"10:33:00";"346";"ac03 - Aci";"701";"BR-365/MG";"Oeste";"Choque - Defensa metálica";0;0;0;0;0;0;0;0;0;1;1;0;0;0;0
"31/03/2022";"11:44:00";"134";"ac03 - Aci";"126.3";"BR-364/GO";"Oeste";"Colisão Traseira";0;0;1;0;0;0;0;0;0;1;2;0;0;0;0
"31/03/2022";"03:08:00";"185";"ac03 - Aci";"643.05";"BR-365/MG";"Leste";"Choque - Elemento de Drenagem";0;0;0;0;0;0;0;0;0;1;2;0;0;0;0
"01/04/2022";"10:42:00";"132";"ac03 - Aci";"706";"BR-365/MG";"Leste";"Colisão lateral no mesmo sentido";0;0;2;0;0;0;0;0;0;0;3;0;0;0;0
"01/04/2022";"01:27:00";"187";"ac03 - Aci";"645.6";"BR-365/MG";"Leste";"Colisão Traseira";1;0;0;0;0;0;0;0;0;1;4;0;0;0;0
"01/04/2022";"05:57:00";"276";"ac03 - Aci";"5.3";"BR-364/GO";"Leste";"Tombamento";0;0;1;0;0;0;0;0;0;0;1;0;0;0;0
"01/04/2022";"09:00:00";"332";"ac03 - Aci";"661.5";"BR-365/MG";"Oeste";"Choque - Sinalização";1;0;0;0;0;0;0;0;0;0;3;0;0;0;0
"02/04/2022";"03:21:00";"209";"ac03 - Aci";"718.45";"BR-365/MG";"Leste";"Choque - Sinalização";1;0;0;0;0;0;0;0;0;0;3;0;0;0;0
"02/04/2022";"05:08:00";"251";"ac02 - Aci";"715";"BR-365/MG";"Oeste";"Choque - Sinalização";0;0;0;1;0;0;0;0;0;0;0;2;0;0;0
"02/04/2022";"06:03:00";"265";"ac02 - Aci";"673.1";"BR-365/MG";"Oeste";"Capotamento";1;0;0;0;0;0;0;0;0;0;0;1;0;0;0
"02/04/2022";"07:42:00";"300";"ac03 - Aci";"706";"BR-365/MG";"Leste";"Choque - Outros";1;0;0;0;0;0;0;0;0;0;2;0;0;0;0
"03/04/2022";"05:24:00";"23";"ac01 - Aci";"779.7";"BR-365/MG";"Oeste";"Colisão Frontal";1;0;0;0;0;0;0;0;1;1;0;1;0;0;1
"04/04/2022";"12:03:00";"1";"ac03 - Aci";"173.69";"BR-364/GO";"Oeste";"Choque - Defensa metálica";1;0;0;0;0;0;0;0;0;0;1;0;0;0;0
"04/04/2022";"08:55:00";"83";"ac03 - Aci";"53.85";"BR-364/GO";"Oeste";"Colisão Transversal";1;0;1;0;0;0;0;0;0;0;5;0;0;0;0
"04/04/2022";"09:11:00";"94";"ac03 - Aci";"182";"BR-364/GO";"Leste";"Colisão Transversal";0;0;1;0;0;0;0;0;0;1;2;0;0;0;0
"05/04/2022";"05:16:00";"216";"ac03 - Aci";"704.35";"BR-365/MG";"Oeste";"Colisão Traseira";1;0;1;0;0;0;0;0;0;0;1;0;0;0;0
"06/04/2022";"09:20:00";"94";"ac03 - Aci";"801.38";"BR-365/MG";"Leste";"Colisão lateral no mesmo sentido";0;0;1;0;0;0;0;0;0;1;4;0;0;0;0
"06/04/2022";"04:17:00";"248";"ac02 - Aci";"833.4";"BR-365/MG";"Oeste";"Capotamento";0;0;0;0;0;0;0;0;0;1;0;1;0;1;0
"06/04/2022";"06:31:00";"286";"ac03 - Aci";"643.8";"BR-365/MG";"Leste";"Choque - Elemento de Drenagem";1;0;0;0;0;0;0;0;0;0;5;0;0;0;0
"06/04/2022";"08:53:00";"325";"ac01 - Aci";"100.35";"BR-364/GO";"Oeste";"Colisão Frontal";1;0;0;0;0;0;0;0;0;1;0;0;0;2;1
"07/04/2022";"06:55:00";"53";"ac02 - Aci";"10.4";"BR-364/GO";"Leste";"Capotamento";1;0;0;0;0;0;0;0;0;0;0;2;0;0;0
"07/04/2022";"03:05:00";"242";"ac02 - Aci";"111.05";"BR-364/GO";"Leste";"Colisão lateral no sentido contrário";0;0;0;1;0;1;0;0;0;0;0;1;0;0;0
"07/04/2022";"08:22:00";"331";"ac03 - Aci";"149";"BR-364/GO";"Leste";"Colisão Traseira";0;0;2;0;0;0;0;0;0;0;2;0;0;0;0
"08/04/2022";"10:32:00";"407";"ac03 - Aci";"691";"BR-365/MG";"Oeste";"Choque - Sinalização";1;0;0;0;0;0;0;0;0;0;0;0;0;0;0
"09/04/2022";"07:59:00";"76";"ac02 - Aci";"644";"BR-365/MG";"Oeste";"Queda de Ciclista";0;1;0;0;0;0;0;0;0;0;0;1;0;0;0
"09/04/2022";"12:02:00";"194";"ac02 - Aci";"796.8";"BR-365/MG";"Leste";"Queda de Moto";0;0;0;1;0;0;0;0;0;0;0;1;0;0;0
"09/04/2022";"03:05:00";"246";"ac03 - Aci";"715";"BR-365/MG";"Leste";"Atropelamento de Animal";1;0;0;0;0;0;0;0;0;0;5;0;0;0;0
"09/04/2022";"05:34:00";"304";"ac01 - Aci";"89";"BR-364/GO";"Oeste";"Colisão Transversal";1;0;1;0;0;0;0;0;0;0;1;0;0;0;1
"09/04/2022";"07:29:00";"340";"ac02 - Aci";"866.84";"BR-365/MG";"Leste";"Choque - Talude ou Barranco";1;0;0;0;0;0;0;0;0;0;0;0;1;0;0
"09/04/2022";"11:25:00";"387";"ac03 - Aci";"791.3";"BR-365/MG";"Leste";"Queda de Moto";0;0;0;1;0;0;0;0;0;0;0;0;0;0;0
"10/04/2022";"02:39:00";"20";"ac02 - Aci";"749.8";"BR-365/MG";"Oeste";"Choque - Elemento de Drenagem";0;0;0;1;0;0;0;0;0;0;0;0;1;0;0
"10/04/2022";"05:01:00";"36";"ac03 - Aci";"690.16";"BR-365/MG";"Oeste";"Choque - Outros";1;0;0;0;0;0;0;0;0;0;3;0;0;0;0
"10/04/2022";"06:03:00";"242";"ac02 - Aci";"762.1";"BR-365/MG";"Leste";"Capotamento";0;0;0;0;0;0;0;0;0;1;2;1;0;0;0
"11/04/2022";"02:20:00";"187";"ac03 - Aci";"867.32";"BR-365/MG";"Oeste";"Capotamento";0;0;0;0;0;0;0;0;0;1;1;0;0;0;0
"12/04/2022";"12:17:00";"4";"ac03 - Aci";"143.57";"BR-364/GO";"Oeste";"Choque - Talude ou Barranco";0;0;1;0;0;0;0;0;0;0;1;0;0;0;0
"12/04/2022";"04:16:00";"19";"ac03 - Aci";"649";"BR-365/MG";"Leste";"Tombamento";0;0;1;0;0;0;0;0;0;0;1;0;0;0;0
"12/04/2022";"11:54:00";"197";"ac02 - Aci";"827.21";"BR-365/MG";"Leste";"Choque - Arvore";0;0;1;0;0;0;0;0;0;0;0;1;0;0;0
"12/04/2022";"04:37:00";"304";"ac03 - Aci";"708.45";"BR-365/MG";"Oeste";"Choque - Defensa metálica";1;0;0;0;0;0;0;0;0;0;1;0;0;0;0
"13/04/2022";"05:43:00";"25";"ac03 - Aci";"113";"BR-364/GO";"Oeste";"Choque - Defensa metálica";0;0;1;0;0;0;0;0;0;0;1;0;0;0;0
"13/04/2022";"03:11:00";"195";"ac03 - Aci";"680.62";"BR-365/MG";"Leste";"Choque - Objeto sobre a pista";0;0;0;0;0;0;0;0;0;1;2;0;0;0;0
"15/04/2022";"10:36:00";"304";"ac03 - Aci";"9.5";"BR-364/GO";"Leste";"Choque - Elemento de Drenagem";0;0;1;0;0;0;0;0;0;0;1;0;0;0;0
"16/04/2022";"03:33:00";"24";"ac03 - Aci";"652.1";"BR-365/MG";"Leste";"Choque - Outros";0;0;0;0;1;0;0;0;0;1;24;0;0;0;0
"16/04/2022";"08:29:00";"59";"ac02 - Aci";"30";"BR-364/GO";"Leste";"Colisão Transversal";0;0;0;0;1;0;0;0;0;1;3;1;0;0;0
"16/04/2022";"11:06:00";"112";"ac03 - Aci";"77.02";"BR-364/GO";"Leste";"Choque - Defensa metálica";1;0;0;0;0;0;0;0;0;0;1;0;0;0;0
"16/04/2022";"07:55:00";"225";"ac02 - Aci";"823.35";"BR-365/MG";"Oeste";"Capotamento";1;0;0;0;0;0;0;0;0;0;0;0;0;1;0
"17/04/2022";"05:06:00";"41";"ac01 - Aci";"681";"BR-365/MG";"Leste";"Choque - Outros";1;0;0;0;0;0;0;0;0;0;0;0;1;0;1
"17/04/2022";"05:00:00";"205";"ac02 - Aci";"137.57";"BR-364/GO";"Oeste";"Tombamento";0;0;1;0;0;0;0;0;0;0;0;1;0;0;0
"18/04/2022";"02:59:00";"215";"ac03 - Aci";"859.3";"BR-365/MG";"Oeste";"Colisão Traseira";1;0;0;0;0;1;0;0;0;0;3;0;0;0;0
"18/04/2022";"04:26:00";"246";"ac03 - Aci";"762";"BR-365/MG";"Oeste";"Colisão Traseira";2;0;0;0;0;0;0;0;0;0;8;0;0;0;0
"19/04/2022";"10:44:00";"165";"ac03 - Aci";"690";"BR-365/MG";"Oeste";"Colisão Traseira";1;0;1;0;0;0;0;0;0;0;3;0;0;0;0
"19/04/2022";"09:25:00";"377";"ac03 - Aci";"713.6";"BR-365/MG";"Oeste";"Atropelamento de Animal";1;0;0;0;0;0;0;0;0;0;1;0;0;0;0
"21/04/2022";"11:44:00";"179";"ac03 - Aci";"676.46";"BR-365/MG";"Oeste";"Choque - Elemento de Drenagem";1;0;0;0;0;0;0;0;0;0;5;0;0;0;0
"21/04/2022";"11:46:00";"180";"ac03 - Aci";"667.3";"BR-365/MG";"Oeste";"Colisão Traseira";0;0;2;0;0;0;0;0;0;0;3;0;0;0;0
"21/04/2022";"04:43:00";"257";"ac03 - Aci";"645.6";"BR-365/MG";"Leste";"Colisão Traseira";1;0;0;0;0;1;0;0;0;0;2;0;0;0;0
"27/04/2022";"03:51:00";"225";"ac03 - Aci";"757.19";"BR-365/MG";"Oeste";"Queda de Moto";0;0;0;1;0;0;0;0;0;0;1;0;0;0;0
"29/04/2022";"11:04:00";"412";"ac03 - Aci";"113.07";"BR-364/GO";"Oeste";"Colisão Transversal";1;0;1;0;0;0;0;0;0;0;2;0;0;0;0
"02/05/2022";"01:51:00";"172";"ac02 - Aci";"672.5";"BR-365/MG";"Oeste";"Capotamento";1;0;0;0;0;0;0;0;0;0;0;0;0;1;0
"04/05/2022";"10:05:00";"101";"ac03 - Aci";"645.5";"BR-365/MG";"Oeste";"Colisão Traseira";1;0;1;0;0;0;0;0;0;0;2;0;0;0;0
"04/05/2022";"11:01:00";"121";"ac03 - Aci";"634.6";"BR-365/MG";"Oeste";"Objeto lançado contra veículo";1;0;0;0;0;0;0;0;0;0;2;0;0;0;0
"04/05/2022";"01:32:00";"157";"ac03 - Aci";"644.81";"BR-365/MG";"Leste";"Choque - Meio fio";0;0;1;0;0;0;0;0;0;0;1;0;0;0;0
"05/05/2022";"04:24:00";"259";"ac03 - Aci";"720.2";"BR-365/MG";"Oeste";"Colisão Traseira";0;0;2;0;0;0;0;0;0;0;2;0;0;0;0
"05/05/2022";"10:40:00";"352";"ac03 - Aci";"706.6";"BR-365/MG";"Oeste";"Choque - Meio fio";0;0;0;0;0;0;0;0;0;1;2;0;0;0;0
"06/05/2022";"08:31:00";"99";"ac03 - Aci";"670.3";"BR-365/MG";"Oeste";"Choque - Meio fio";1;0;0;0;0;0;0;0;0;0;1;0;0;0;0
"06/05/2022";"10:19:00";"139";"ac03 - Aci";"645.4";"BR-365/MG";"Oeste";"Colisão Traseira";0;0;1;0;0;0;0;0;0;1;6;0;0;0;0
"08/05/2022";"04:47:00";"201";"ac03 - Aci";"744.65";"BR-365/MG";"Leste";"Choque - Objeto sobre a pista";0;0;0;0;0;1;0;0;0;1;5;0;0;0;0
"11/05/2022";"03:38:00";"296";"ac02 - Aci";"654";"BR-365/MG";"Leste";"Capotamento";0;0;0;0;0;0;0;0;0;1;0;2;0;0;0
"13/05/2022";"02:42:00";"20";"ac02 - Aci";"754.5";"BR-365/MG";"Oeste";"Queda de Moto";0;0;0;1;0;0;0;0;0;0;2;1;0;0;0
"13/05/2022";"06:55:00";"351";"ac03 - Aci";"174.05";"BR-364/GO";"Oeste";"Choque - Talude ou Barranco";0;0;0;0;0;0;0;0;0;1;2;0;0;0;0
"15/05/2022";"06:10:00";"204";"ac03 - Aci";"706";"BR-365/MG";"Oeste";"Tombamento";0;0;1;0;0;0;0;0;0;0;1;0;0;0;0
"15/05/2022";"07:27:00";"232";"ac03 - Aci";"645.6";"BR-365/MG";"Leste";"Colisão Traseira";1;0;0;0;0;0;0;0;0;1;5;0;0;0;0
"15/05/2022";"08:38:00";"243";"ac03 - Aci";"677";"BR-365/MG";"Oeste";"Choque - Elemento de Drenagem";1;0;0;0;0;0;0;0;0;0;4;0;0;0;0
"16/05/2022";"03:48:00";"13";"ac02 - Aci";"757.3";"BR-365/MG";"Oeste";"Choque - Meio fio";0;0;0;0;0;0;0;0;0;1;3;1;1;0;0
"16/05/2022";"04:04:00";"215";"ac03 - Aci";"704";"BR-365/MG";"Oeste";"Colisão Traseira";0;0;1;0;0;1;0;0;0;0;1;0;0;0;0
"16/05/2022";"06:24:00";"242";"ac02 - Aci";"736.1";"BR-365/MG";"Leste";"Queda de Moto";0;0;0;1;0;0;0;0;0;0;0;2;0;0;0
"17/05/2022";"09:07:00";"312";"ac03 - Aci";"166.22";"BR-364/GO";"Oeste";"Tombamento";0;0;1;0;0;0;0;0;0;0;1;0;0;0;0
"18/05/2022";"12:12:00";"3";"ac03 - Aci";"823.7";"BR-365/MG";"Oeste";"Capotamento";1;0;0;0;0;0;0;0;0;0;1;0;0;0;0
"20/05/2022";"05:18:00";"251";"ac02 - Aci";"706";"BR-365/MG";"Oeste";"Tombamento";0;0;1;0;0;0;0;0;0;0;0;0;1;0;0
"21/05/2022";"12:32:00";"150";"ac03 - Aci";"718.89";"BR-365/MG";"Leste";"Colisão Transversal";1;0;1;0;0;0;0;0;0;0;4;0;0;0;0
"21/05/2022";"01:15:00";"155";"ac03 - Aci";"645.4";"BR-365/MG";"Oeste";"Colisão Traseira";2;0;0;0;0;0;0;0;0;0;5;0;0;0;0
"23/05/2022";"04:05:00";"200";"ac03 - Aci";"113.9";"BR-364/GO";"Leste";"Colisão Transversal";1;0;0;0;0;1;0;0;0;0;1;0;0;0;0
"25/05/2022";"03:34:00";"15";"ac03 - Aci";"706";"BR-365/MG";"Oeste";"Colisão Frontal";0;0;0;0;2;0;0;0;0;0;3;0;0;0;0
"25/05/2022";"05:11:00";"23";"ac03 - Aci";"837.8";"BR-365/MG";"Oeste";"Atropelamento de Animal";0;0;0;0;0;0;0;0;0;1;3;0;0;0;0
"25/05/2022";"04:11:00";"219";"ac03 - Aci";"677.3";"BR-365/MG";"Oeste";"Choque - Elemento de Drenagem";0;0;1;0;0;0;0;0;0;0;1;0;0;0;0
"25/05/2022";"07:42:00";"274";"ac02 - Aci";"183";"BR-364/GO";"Oeste";"Colisão lateral no mesmo sentido";0;0;2;0;0;0;0;0;0;0;1;1;0;0;0
"26/05/2022";"05:47:00";"276";"ac03 - Aci";"751.6";"BR-365/MG";"Oeste";"Colisão lateral no mesmo sentido";1;0;1;0;0;0;0;0;0;0;4;0;0;0;0
"26/05/2022";"07:02:00";"294";"ac03 - Aci";"51";"BR-364/GO";"Leste";"Atropelamento de Animal";1;0;0;0;0;0;0;0;0;0;1;0;0;0;0
"28/05/2022";"03:42:00";"207";"ac02 - Aci";"702.41";"BR-365/MG";"Leste";"Choque - Talude ou Barranco";1;0;0;0;0;0;0;0;0;0;1;2;0;0;0
"29/05/2022";"07:41:00";"286";"ac02 - Aci";"706";"BR-365/MG";"Oeste";"Colisão lateral no mesmo sentido";1;0;1;0;0;0;0;0;0;0;0;3;0;0;0
"30/05/2022";"10:39:00";"131";"ac03 - Aci";"726";"BR-365/MG";"Oeste";"Colisão Traseira";1;0;1;0;0;0;0;0;0;0;4;0;0;0;0
"30/05/2022";"06:49:00";"273";"ac02 - Aci";"800";"BR-365/MG";"Oeste";"Colisão Traseira";1;0;1;0;0;1;0;0;0;0;7;1;0;0;0
"30/05/2022";"06:57:00";"277";"ac03 - Aci";"645.6";"BR-365/MG";"Oeste";"Choque - Sinalização";0;0;1;0;0;0;0;0;0;0;1;0;0;0;0
"01/06/2022";"08:49:00";"72";"ac02 - Aci";"654.6";"BR-365/MG";"Leste";"Choque - Talude ou Barranco";1;0;0;0;0;0;0;0;0;0;1;1;0;0;0
"03/06/2022";"01:03:00";"218";"ac03 - Aci";"744.4";"BR-365/MG";"Leste";"Queda de Moto";0;0;0;1;0;0;0;0;0;0;2;0;0;0;0
"03/06/2022";"01:45:00";"224";"ac01 - Aci";"690.53";"BR-365/MG";"Leste";"Atropelamento - Ambulante";1;0;0;0;0;0;0;0;0;0;0;1;0;0;1
"04/06/2022";"07:16:00";"41";"ac02 - Aci";"776";"BR-365/MG";"Oeste";"Queda de Moto";0;0;0;1;0;0;0;0;0;0;0;0;1;0;0
"04/06/2022";"11:58:00";"138";"ac03 - Aci";"652.8";"BR-365/MG";"Leste";"Choque - Elemento de Drenagem";0;0;0;0;0;0;0;0;0;1;1;0;0;0;0
"04/06/2022";"05:07:00";"224";"ac02 - Aci";"106.25";"BR-364/GO";"Oeste";"Colisão Frontal";0;0;0;0;0;0;0;0;0;2;1;0;0;2;0
"04/06/2022";"09:33:00";"296";"ac03 - Aci";"101";"BR-364/GO";"Leste";"Atropelamento de Animal";1;0;0;0;0;0;0;0;0;0;3;0;0;0;0
"05/06/2022";"07:32:00";"240";"ac03 - Aci";"77.6";"BR-364/GO";"Leste";"Colisão Transversal";1;0;1;0;0;0;0;0;0;0;0;0;0;0;0
"05/06/2022";"07:56:00";"248";"ac03 - Aci";"759.7";"BR-365/MG";"Leste";"Atropelamento de Animal";1;0;0;0;0;0;0;0;0;0;5;0;0;0;0
"08/06/2022";"11:21:00";"151";"ac03 - Aci";"723";"BR-365/MG";"Leste";"Colisão Traseira";0;0;0;0;0;0;0;0;0;2;2;0;0;0;0
"09/06/2022";"06:38:00";"24";"ac02 - Aci";"63.96";"BR-364/GO";"Oeste";"Capotamento";0;0;0;0;0;0;0;0;0;1;0;2;0;0;0
"09/06/2022";"10:33:00";"112";"ac03 - Aci";"124";"BR-364/GO";"Leste";"Choque - Talude ou Barranco";0;0;0;0;0;0;0;0;0;1;2;0;0;0;0
"09/06/2022";"01:16:00";"172";"ac02 - Aci";"753.9";"BR-365/MG";"Oeste";"Colisão Transversal";1;0;0;1;0;0;0;0;0;0;2;0;1;0;0
"09/06/2022";"06:05:00";"271";"ac01 - Aci";"671.3";"BR-365/MG";"Leste";"Atropelamento - Pedestre";1;0;0;0;0;0;0;0;0;0;0;0;1;0;1
"11/06/2022";"01:47:00";"14";"ac02 - Aci";"685.6";"BR-365/MG";"Oeste";"Choque - Elemento de Drenagem";0;0;2;0;0;0;0;0;0;0;1;1;0;0;0
"11/06/2022";"06:36:00";"36";"ac03 - Aci";"816.86";"BR-365/MG";"Oeste";"Colisão Traseira";2;0;0;0;0;0;0;0;0;0;2;0;0;0;0
"11/06/2022";"05:19:00";"214";"ac03 - Aci";"663";"BR-365/MG";"Oeste";"Colisão Traseira";1;0;0;0;0;1;0;0;0;0;1;0;0;0;0
"12/06/2022";"02:02:00";"19";"ac02 - Aci";"823.77";"BR-365/MG";"Oeste";"Choque - Defensa metálica";1;0;0;0;0;0;0;0;0;0;0;0;1;0;0
"14/06/2022";"07:15:00";"41";"ac03 - Aci";"680.9";"BR-365/MG";"Oeste";"Colisão lateral no mesmo sentido";1;0;1;0;0;0;0;0;0;0;2;0;0;0;0
"15/06/2022";"09:52:00";"107";"ac02 - Aci";"753.02";"BR-365/MG";"Oeste";"Colisão Transversal";0;0;0;1;0;0;0;0;0;1;0;0;1;0;0
"16/06/2022";"09:05:00";"106";"ac03 - Aci";"9.85";"BR-364/GO";"Leste";"Choque - Sinalização";1;0;0;0;0;0;0;0;0;0;0;0;0;0;0
"16/06/2022";"10:32:00";"136";"ac03 - Aci";"93";"BR-364/GO";"Oeste";"Colisão Traseira";1;0;1;0;0;0;0;0;0;0;3;0;0;0;0
"18/06/2022";"08:20:00";"253";"ac03 - Aci";"772.4";"BR-365/MG";"Leste";"Atropelamento de Animal";0;0;0;0;0;0;0;0;0;1;2;0;0;0;0
"19/06/2022";"02:46:00";"162";"ac03 - Aci";"645.6";"BR-365/MG";"Oeste";"Colisão Traseira";1;0;1;0;0;0;0;0;0;0;0;0;0;0;0
"19/06/2022";"04:06:00";"194";"ac03 - Aci";"717.23";"BR-365/MG";"Leste";"Engavetamento";2;0;0;0;0;1;0;0;0;0;5;0;0;0;0
"19/06/2022";"08:10:00";"273";"ac02 - Aci";"691";"BR-365/MG";"Leste";"Capotamento";0;0;0;0;0;0;0;0;0;1;1;2;0;0;0
"20/06/2022";"10:16:00";"140";"ac02 - Aci";"627";"BR-365/MG";"Leste";"Queda de Moto";0;0;0;1;0;0;0;0;0;0;0;1;0;0;0
"20/06/2022";"12:05:00";"187";"ac02 - Aci";"832.8";"BR-365/MG";"Oeste";"Queda de Ciclista";0;1;0;0;0;0;0;0;0;0;0;0;1;0;0
"21/06/2022";"03:45:00";"218";"ac03 - Aci";"756";"BR-365/MG";"Leste";"Choque - Meio fio";1;0;0;0;0;0;0;0;0;0;1;0;0;0;0