data;horario;n_da_ocorrencia;tipo_de_ocorrencia;km;trecho;sentido;tipo_de_acidente;automovel;bicicleta;caminhao;moto;onibus;outros;tracao_animal;transporte_de_cargas_especiais;trator_maquinas;utilitarios;ilesos;levemente_feridos;moderadamente_feridos;gravemente_feridos;mortos
"09/01/2023";"04:21:00";"343";"ac03 - Aci";"704.35";"BR-365/MG";"Oeste";"Colisão Traseira";1;0;1;0;0;0;0;0;0;0;4;0;0;0;0
"10/01/2023";"05:53:00";"31";"ac03 - Aci";"697.42";"BR-365/MG";"Oeste";"Capotamento";1;0;0;0;0;0;0;0;0;0;1;0;0;0;0
"11/01/2023";"04:12:00";"38";"ac02 - Aci";"706";"BR-365/MG";"Leste";"Choque - Talude ou Barranco";0;0;1;0;0;0;0;0;0;0;0;0;1;0;0
"11/01/2023";"08:44:00";"107";"ac03 - Aci";"705.5";"BR-365/MG";"Leste";"Choque - Talude ou Barranco";1;0;0;0;0;0;0;0;0;0;0;0;0;0;0
"11/01/2023";"02:30:00";"258";"ac03 - Aci";"765";"BR-365/MG";"Leste";"Colisão Traseira";1;0;1;0;0;0;0;0;0;0;0;0;0;0;0
"11/01/2023";"04:51:00";"310";"ac03 - Aci";"772";"BR-365/MG";"Leste";"Engavetamento";2;0;1;0;0;0;0;0;0;0;5;0;0;0;0
"12/01/2023";"05:52:00";"341";"ac03 - Aci";"148.7";"BR-364/GO";"Leste";"Choque - Talude ou Barranco";0;0;1;0;0;0;0;0;0;0;1;0;0;0;0
"13/01/2023";"02:43:00";"26";"ac03 - Aci";"709.6";"BR-365/MG";"Leste";"Choque - Elemento de Drenagem";0;0;1;0;0;0;0;0;0;0;2;0;0;0;0
"14/01/2023";"04:32:00";"322";"ac02 - Aci";"113.69";"BR-364/GO";"Leste";"Colisão Transversal";2;0;0;0;0;0;0;0;0;0;1;1;0;0;0
"17/01/2023";"03:55:00";"264";"ac02 - Aci";"838.5";"BR-365/MG";"Leste";"Choque - Outros";0;0;0;0;0;0;0;0;0;1;0;1;0;0;0
"17/01/2023";"07:37:00";"328";"ac02 - Aci";"753.4";"BR-365/MG";"Oeste";"Choque - Sinalização";0;0;0;1;0;0;0;0;0;0;0;1;0;0;0
"19/01/2023";"04:23:00";"269";"ac03 - Aci";"627";"BR-365/MG";"Leste";"Colisão Traseira";0;0;1;0;1;0;0;0;0;0;2;0;0;0;0
"19/01/2023";"08:02:00";"348";"ac03 - Aci";"114";"BR-364/GO";"Oeste";"Colisão Frontal";1;0;0;0;0;0;0;0;0;1;2;0;0;0;0
"20/01/2023";"06:11:00";"30";"ac02 - Aci";"855.5";"BR-365/MG";"Oeste";"Colisão Traseira";1;0;1;0;0;0;0;0;0;0;2;0;1;0;0
"20/01/2023";"07:40:00";"55";"ac02 - Aci";"643.6";"BR-365/MG";"Leste";"Choque - Elemento de Drenagem";1;0;0;0;0;0;0;0;0;0;1;2;0;0;0
"20/01/2023";"08:39:00";"79";"ac02 - Aci";"703.9";"BR-365/MG";"Oeste";"Choque - Elemento de Drenagem";1;0;0;0;0;0;0;0;0;0;4;0;1;0;0
"20/01/2023";"05:04:00";"284";"ac03 - Aci";"743.83";"BR-365/MG";"Oeste";"Choque - Outros";1;0;0;0;0;0;0;0;0;0;1;0;0;0;0
"21/01/2023";"12:00:00";"1";"ac02 - Aci";"674.8";"BR-365/MG";"Leste";"Capotamento";0;0;0;0;0;0;0;0;0;1;3;0;1;0;0
"21/01/2023";"07:23:00";"46";"ac03 - Aci";"706.5";"BR-365/MG";"Leste";"Tombamento";0;0;1;0;0;0;0;0;0;0;1;0;0;0;0
"21/01/2023";"07:24:00";"48";"ac03 - Aci";"774.7";"BR-365/MG";"Oeste";"Atropelamento de Animal";1;0;0;0;0;0;0;0;0;0;2;0;0;0;0
"21/01/2023";"04:22:00";"261";"ac03 - Aci";"701";"BR-365/MG";"Oeste";"Choque - Elemento de Drenagem";0;0;1;0;0;0;0;0;0;0;0;0;0;0;0
"22/01/2023";"01:19:00";"15";"ac03 - Aci";"60.9";"BR-364/GO";"Oeste";"Choque - Talude ou Barranco";1;0;0;0;0;0;0;0;0;0;0;0;0;0;0
"22/01/2023";"01:30:00";"17";"ac03 - Aci";"113";"BR-364/GO";"Oeste";"Choque - Talude ou Barranco";1;0;0;0;0;0;0;0;0;0;0;0;0;0;0
"22/01/2023";"11:35:00";"342";"ac03 - Aci";"756.5";"BR-365/MG";"Leste";"Choque - Elemento de Drenagem";1;0;0;0;0;0;0;0;0;0;1;0;0;0;0
"23/01/2023";"11:23:00";"388";"ac01 - Aci";"695";"BR-365/MG";"Leste";"Colisão Frontal";0;0;0;1;0;0;0;0;0;1;2;2;0;0;1
"24/01/2023";"09:12:00";"392";"ac03 - Aci";"626.3";"BR-365/MG";"Leste";"Choque - Outros";0;0;0;0;0;0;0;0;0;1;2;0;0;0;0
"25/01/2023";"08:18:00";"367";"ac03 - Aci";"756.8";"BR-365/MG";"Oeste";"Choque - Elemento de Drenagem";1;0;0;0;0;0;0;0;0;0;1;0;0;0;0
"27/01/2023";"06:04:00";"46";"ac02 - Aci";"178.05";"BR-364/GO";"Oeste";"Colisão Traseira";1;0;0;1;0;0;0;0;0;0;3;1;0;0;0
"27/01/2023";"01:53:00";"241";"ac03 - Aci";"747";"BR-365/MG";"Oeste";"Colisão Traseira";1;0;0;0;0;0;0;0;0;1;5;0;0;0;0
"28/01/2023";"06:00:00";"36";"ac03 - Aci";"772.8";"BR-365/MG";"Leste";"Atropelamento de Animal";1;0;0;0;0;0;0;0;0;0;4;0;0;0;0
"28/01/2023";"12:25:00";"175";"ac02 - Aci";"640";"BR-365/MG";"Oeste";"Colisão Traseira";2;0;0;0;0;0;0;0;0;0;3;2;0;0;0
"28/01/2023";"09:15:00";"330";"ac03 - Aci";"58.3";"BR-364/GO";"Oeste";"Choque - Meio fio";1;0;0;0;0;0;0;0;0;0;1;0;0;0;0
"29/01/2023";"08:07:00";"79";"ac03 - Aci";"84";"BR-364/GO";"Oeste";"Colisão Traseira";1;0;0;0;0;1;0;0;0;0;0;0;0;0;0
"29/01/2023";"04:33:00";"220";"ac02 - Aci";"700.06";"BR-365/MG";"Oeste";"Capotamento";1;0;0;0;0;0;0;0;0;0;2;0;2;0;0
"30/01/2023";"01:48:00";"227";"ac03 - Aci";"734";"BR-365/MG";"Leste";"Objeto lançado contra veículo";0;0;1;0;0;0;0;0;0;0;1;0;0;0;0
"30/01/2023";"01:59:00";"234";"ac02 - Aci";"653";"BR-365/MG";"Leste";"Capotamento";0;0;0;0;0;0;0;0;0;1;0;1;0;0;0
"30/01/2023";"02:49:00";"252";"ac01 - Aci";"775.5";"BR-365/MG";"Leste";"Colisão Frontal";0;0;1;1;0;0;0;0;0;0;1;0;0;0;1
"30/01/2023";"05:14:00";"299";"ac02 - Aci";"749.6";"BR-365/MG";"Oeste";"Tombamento";0;0;1;0;0;0;0;0;0;0;1;1;0;0;0
"31/01/2023";"09:33:00";"127";"ac02 - Aci";"697";"BR-365/MG";"Leste";"Colisão lateral no mesmo sentido";0;0;0;1;0;0;0;0;0;0;0;0;1;0;0
"02/02/2023";"02:30:00";"208";"ac03 - Aci";"184.5";"BR-364/GO";"Oeste";"Capotamento";0;0;0;0;0;0;0;0;0;1;0;0;0;0;0
"04/02/2023";"04:42:00";"33";"ac02 - Aci";"676.71";"BR-365/MG";"Leste";"Colisão Traseira";0;0;2;0;0;0;0;0;0;0;1;0;0;1;0
"04/02/2023";"09:36:00";"117";"ac03 - Aci";"696.3";"BR-365/MG";"Oeste";"Choque - Sinalização";1;0;0;0;0;0;0;0;0;0;2;0;0;0;0
"04/02/2023";"11:01:00";"167";"ac03 - Aci";"645";"BR-365/MG";"Leste";"Colisão Traseira";2;0;0;0;0;0;0;0;0;0;4;0;0;0;0
"04/02/2023";"02:34:00";"223";"ac03 - Aci";"638.9";"BR-365/MG";"Leste";"Choque - Defensa metálica";0;0;1;0;0;0;0;0;0;0;1;0;0;0;0
"04/02/2023";"08:07:00";"310";"ac03 - Aci";"749.09";"BR-365/MG";"Oeste";"Colisão Traseira";0;0;0;0;0;0;0;0;0;2;2;0;0;0;0
"04/02/2023";"08:39:00";"317";"ac02 - Aci";"756.7";"BR-365/MG";"Leste";"Choque - Meio fio";0;0;0;1;0;0;0;0;0;0;0;0;1;0;0
"05/02/2023";"05:55:00";"242";"ac03 - Aci";"70.8";"BR-364/GO";"Oeste";"Choque - Talude ou Barranco";0;0;0;0;0;0;0;0;0;1;5;0;0;0;0
"07/02/2023";"11:37:00";"315";"ac02 - Aci";"760.2";"BR-365/MG";"Leste";"Atropelamento de Animal";0;0;0;1;0;0;0;0;0;0;0;1;0;0;0
"08/02/2023";"07:58:00";"307";"ac03 - Aci";"706.5";"BR-365/MG";"Leste";"Colisão Traseira";0;0;3;0;0;0;0;0;0;0;3;0;0;0;0
"10/02/2023";"02:57:00";"210";"ac03 - Aci";"701.2";"BR-365/MG";"Oeste";"Choque - Elemento de Drenagem";1;0;0;0;0;0;0;0;0;0;2;0;0;0;0
"10/02/2023";"10:04:00";"350";"ac02 - Aci";"189";"BR-364/GO";"Oeste";"Tombamento";0;0;1;0;0;0;0;0;0;0;0;0;1;0;0
"11/02/2023";"07:48:00";"64";"ac03 - Aci";"626.3";"BR-365/MG";"Leste";"Choque - Defensa metálica";1;0;0;0;0;0;0;0;0;0;1;0;0;0;0
"11/02/2023";"06:51:00";"297";"ac02 - Aci";"645.6";"BR-365/MG";"Leste";"Colisão Traseira";1;0;0;0;0;0;0;0;0;1;6;1;0;0;0
"11/02/2023";"09:41:00";"336";"ac03 - Aci";"706";"BR-365/MG";"Oeste";"Choque - Meio fio";1;0;0;0;0;0;0;0;0;0;4;0;0;0;0
"12/02/2023";"06:28:00";"244";"ac02 - Aci";"66";"BR-364/GO";"Leste";"Choque - Elemento de Drenagem";0;0;1;0;0;0;0;0;0;0;0;1;0;0;0
"12/02/2023";"08:35:00";"287";"ac03 - Aci";"737";"BR-365/MG";"Leste";"Atropelamento de Animal";0;0;0;0;0;0;0;0;0;1;4;0;0;0;0
"13/02/2023";"03:39:00";"16";"ac02 - Aci";"769.22";"BR-365/MG";"Leste";"Choque - Talude ou Barranco";1;0;0;0;0;0;0;0;0;0;2;0;1;0;0
"13/02/2023";"04:35:00";"260";"ac03 - Aci";"645.6";"BR-365/MG";"Leste";"Colisão Traseira";1;0;1;0;0;0;0;0;0;0;2;0;0;0;0
"13/02/2023";"05:15:00";"266";"ac02 - Aci";"682.4";"BR-365/MG";"Leste";"Choque - Veiculo parado no acostamento";0;1;1;0;0;0;0;0;0;0;1;0;1;0;0
"14/02/2023";"04:21:00";"261";"ac03 - Aci";"635.15";"BR-365/MG";"Leste";"Colisão Traseira";0;0;1;0;0;1;0;0;0;0;1;0;0;0;0
"15/02/2023";"10:07:00";"132";"ac03 - Aci";"724.1";"BR-365/MG";"Oeste";"Queda de veículo em ribanceira, ponte ou viaduto";0;0;1;0;0;0;0;0;0;0;4;0;0;0;0
"15/02/2023";"05:00:00";"307";"ac02 - Aci";"729";"BR-365/MG";"Leste";"Tombamento";0;0;1;0;0;0;0;0;0;0;0;1;0;0;0
"15/02/2023";"11:52:00";"418";"ac04 - Aci";"704.35";"BR-365/MG";"Leste";"Choque - Outros";0;0;0;0;0;0;0;0;0;0;0;1;0;0;0
"16/02/2023";"01:51:00";"209";"ac02 - Aci";"89.02";"BR-364/GO";"Leste";"Colisão Transversal";1;0;1;0;0;0;0;0;0;0;2;2;0;0;0
"17/02/2023";"11:12:00";"366";"ac03 - Aci";"72";"BR-364/GO";"Oeste";"Atropelamento de Animal";0;0;0;0;0;0;0;0;0;1;2;0;0;0;0
"18/02/2023";"08:56:00";"94";"ac02 - Aci";"703";"BR-365/MG";"Oeste";"Queda de Moto";0;0;0;1;0;0;0;0;0;0;0;2;0;0;0
"18/02/2023";"03:16:00";"229";"ac02 - Aci";"701";"BR-365/MG";"Oeste";"Choque - Talude ou Barranco";1;0;0;0;0;0;0;0;0;0;1;1;0;0;0
"19/02/2023";"03:35:00";"16";"ac02 - Aci";"629.55";"BR-365/MG";"Oeste";"Choque - Defensa metálica";1;0;1;0;0;0;0;0;0;0;0;1;0;0;0
"19/02/2023";"08:28:00";"263";"ac03 - Aci";"657.9";"BR-365/MG";"Leste";"Choque - Objeto sobre a pista";1;0;0;0;0;0;0;0;0;0;2;0;0;0;0
"21/02/2023";"07:37:00";"325";"ac02 - Aci";"647.1";"BR-365/MG";"Leste";"Tombamento";0;0;1;0;0;0;0;0;0;0;0;1;0;0;0
"21/02/2023";"08:30:00";"346";"ac02 - Aci";"648.7";"BR-365/MG";"Leste";"Tombamento";0;0;0;0;1;0;0;0;0;0;51;1;0;0;0
"22/02/2023";"08:43:00";"76";"ac02 - Aci";"728.5";"BR-365/MG";"Oeste";"Colisão lateral no mesmo sentido";0;0;2;0;0;0;0;0;0;0;2;1;0;0;0
"23/02/2023";"03:59:00";"261";"ac03 - Aci";"126.9";"BR-364/GO";"Oeste";"Choque - Defensa metálica";0;0;1;0;0;0;0;0;0;0;1;0;0;0;0
"24/02/2023";"05:53:00";"311";"ac03 - Aci";"756.68";"BR-365/MG";"Leste";"Choque - Meio fio";0;0;1;0;0;0;0;0;0;0;2;0;0;0;0
"24/02/2023";"07:27:00";"346";"ac03 - Aci";"676";"BR-365/MG";"Leste";"Choque - Elemento de Drenagem";1;0;0;0;0;0;0;0;0;0;0;0;0;0;0
"25/02/2023";"09:02:00";"316";"ac03 - Aci";"636.1";"BR-365/MG";"Leste";"Capotamento";1;0;0;0;0;0;0;0;0;0;1;0;0;0;0
"25/02/2023";"10:52:00";"334";"ac03 - Aci";"870";"BR-365/MG";"Oeste";"Capotamento";1;0;0;0;0;0;0;0;0;0;1;0;0;0;0
"27/02/2023";"05:36:00";"23";"ac03 - Aci";"137.2";"BR-364/GO";"Oeste";"Atropelamento de Animal";1;0;0;0;0;0;0;0;0;0;2;0;0;0;0
"28/02/2023";"12:02:00";"147";"ac03 - Aci";"751";"BR-365/MG";"Oeste";"Colisão lateral no mesmo sentido";1;0;0;0;0;1;0;0;0;0;1;0;0;0;0
"01/03/2023";"06:35:00";"296";"ac03 - Aci";"629.3";"BR-365/MG";"Leste";"Choque - Defensa metálica";1;0;0;0;0;0;0;0;0;0;1;0;0;0;0
"03/03/2023";"07:09:00";"43";"ac03 - Aci";"53.6";"BR-364/GO";"Oeste";"Capotamento";0;0;0;0;0;0;0;0;0;1;1;0;0;0;0
"03/03/2023";"01:29:00";"177";"ac04 - Aci";"645.6";"BR-365/MG";"Oeste";"Choque - Outros";0;0;0;0;0;0;0;0;0;0;0;1;0;0;0
"03/03/2023";"05:41:00";"261";"ac03 - Aci";"795";"BR-365/MG";"Leste";"Colisão lateral no sentido contrário";0;0;1;0;0;0;0;0;0;1;3;0;0;0;0
"04/03/2023";"02:21:00";"21";"ac03 - Aci";"156.55";"BR-364/GO";"Leste";"Atropelamento de Animal";1;0;0;0;0;0;0;0;0;0;1;0;0;0;0
"05/03/2023";"07:12:00";"283";"ac04 - Aci";"645.6";"BR-365/MG";"Oeste";"Choque - Outros";0;0;0;0;0;0;0;0;0;0;1;0;0;0;0
"05/03/2023";"10:27:00";"337";"ac03 - Aci";"766.4";"BR-365/MG";"Oeste";"Atropelamento de Animal";1;0;0;0;0;0;0;0;0;0;4;0;0;0;0
"06/03/2023";"10:47:00";"131";"ac03 - Aci";"703.9";"BR-365/MG";"Leste";"Colisão Traseira";0;0;2;0;0;0;0;0;0;0;2;0;0;0;0
"07/03/2023";"07:54:00";"303";"ac02 - Aci";"855.5";"BR-365/MG";"Oeste";"Objeto lançado contra veículo";0;0;0;0;0;0;0;0;0;1;0;1;0;0;0
"07/03/2023";"08:26:00";"312";"ac03 - Aci";"641.21";"BR-365/MG";"Leste";"Colisão Traseira";0;0;0;0;0;1;0;0;0;1;1;0;0;0;0
"08/03/2023";"12:31:00";"3";"ac03 - Aci";"647.63";"BR-365/MG";"Leste";"Choque - Elemento de Drenagem";0;0;0;0;0;0;0;0;0;1;1;0;0;0;0
"08/03/2023";"10:39:00";"347";"ac03 - Aci";"677.2";"BR-365/MG";"Oeste";"Choque - Elemento de Drenagem";0;0;1;0;0;0;0;0;0;0;1;0;0;0;0
"09/03/2023";"01:39:00";"6";"ac03 - Aci";"657.95";"BR-365/MG";"Oeste";"Atropelamento de Animal";0;0;0;0;0;0;0;0;0;1;2;0;0;0;0
"09/03/2023";"08:14:00";"315";"ac03 - Aci";"649.4";"BR-365/MG";"Leste";"Choque - Defensa metálica";0;0;0;0;0;0;0;0;0;1;1;0;0;0;0
"09/03/2023";"08:18:00";"316";"ac02 - Aci";"19.5";"BR-364/GO";"Oeste";"Queda de Ciclista";0;1;0;0;0;0;0;0;0;0;0;1;0;0;0
"10/03/2023";"06:34:00";"51";"ac03 - Aci";"673.5";"BR-365/MG";"Oeste";"Colisão Traseira";1;0;0;0;0;1;0;0;0;0;1;0;0;0;0
"10/03/2023";"11:16:00";"179";"ac03 - Aci";"645.5";"BR-365/MG";"Leste";"Colisão Traseira";1;0;1;0;0;0;0;0;0;0;3;0;0;0;0
"10/03/2023";"07:29:00";"374";"ac02 - Aci";"766.4";"BR-365/MG";"Leste";"Colisão Traseira";1;0;0;0;0;1;0;0;0;1;0;1;0;1;0
"10/03/2023";"07:43:00";"379";"ac03 - Aci";"673";"BR-365/MG";"Oeste";"Choque - Sinalização";1;0;0;0;0;0;0;0;0;0;4;0;0;0;0
"11/03/2023";"02:26:00";"177";"ac03 - Aci";"638.5";"BR-365/MG";"Leste";"Colisão Traseira";0;0;1;0;0;0;0;0;0;1;3;0;0;0;0
"11/03/2023";"02:50:00";"187";"ac02 - Aci";"661";"BR-365/MG";"Oeste";"Choque - Defensa metálica";0;0;0;0;0;0;0;0;0;1;0;0;1;1;0
"12/03/2023";"01:53:00";"154";"ac02 - Aci";"832.9";"BR-365/MG";"Oeste";"Queda de Moto";0;0;0;1;0;0;0;0;0;0;0;2;0;0;0
"12/03/2023";"07:25:00";"263";"ac02 - Aci";"102.5";"BR-364/GO";"Leste";"Colisão Frontal";1;0;0;0;0;0;0;0;0;1;5;1;1;0;0
"14/03/2023";"07:54:00";"59";"ac02 - Aci";"626.5";"BR-365/MG";"Oeste";"Queda de Moto";0;0;0;1;0;0;0;0;0;0;0;1;1;0;0
"14/03/2023";"05:04:00";"277";"ac03 - Aci";"626.05";"BR-365/MG";"Leste";"Choque - Meio fio";1;0;0;0;0;0;0;0;0;0;1;0;0;0;0
"15/03/2023";"01:40:00";"223";"ac02 - Aci";"136.27";"BR-364/GO";"Oeste";"Choque - Outros";0;0;1;0;0;0;0;0;0;0;3;1;1;0;0
"15/03/2023";"03:01:00";"262";"ac03 - Aci";"156";"BR-364/GO";"Leste";"Colisão Traseira";0;0;1;0;0;0;0;0;0;1;0;0;0;0;0
"18/03/2023";"12:00:00";"1";"ac03 - Aci";"836.7";"BR-365/MG";"Oeste";"Choque - Talude ou Barranco";0;0;1;0;0;0;0;0;0;0;1;0;0;0;0
"18/03/2023";"08:05:00";"76";"ac04 - Aci";"704.35";"BR-365/MG";"Oeste";"Choque - Outros";0;0;0;0;0;0;0;0;0;0;0;1;0;0;0
"18/03/2023";"03:06:00";"243";"ac02 - Aci";"726.91";"BR-365/MG";"Oeste";"Capotamento";1;0;0;0;0;0;0;0;0;0;2;1;1;2;0
"19/03/2023";"03:53:00";"28";"ac03 - Aci";"753";"BR-365/MG";"Leste";"Choque - Elemento de Drenagem";1;0;0;0;0;0;0;0;0;0;3;0;0;0;0
"19/03/2023";"04:47:00";"236";"ac03 - Aci";"113";"BR-364/GO";"Leste";"Colisão Traseira";0;0;0;0;0;0;0;0;0;2;6;0;0;0;0
"19/03/2023";"05:20:00";"247";"ac02 - Aci";"173.6";"BR-364/GO";"Oeste";"Choque - Sinalização";0;0;0;1;0;0;0;0;0;0;0;0;1;0;0
"20/03/2023";"09:44:00";"303";"ac02 - Aci";"706";"BR-365/MG";"Leste";"Tombamento";0;0;1;0;0;1;0;0;0;0;0;1;0;0;0
"21/03/2023";"05:52:00";"34";"ac03 - Aci";"794.1";"BR-365/MG";"Leste";"Colisão Traseira";1;0;0;0;0;0;0;0;0;1;10;0;0;0;0
"21/03/2023";"08:49:00";"343";"ac03 - Aci";"669.1";"BR-365/MG";"Leste";"Choque - Meio fio";1;0;0;0;0;0;0;0;0;0;1;0;0;0;0
"21/03/2023";"09:16:00";"351";"ac03 - Aci";"22.5";"BR-364/GO";"Leste";"Atropelamento de Animal";1;0;0;0;0;0;0;0;0;0;3;0;0;0;0
"22/03/2023";"07:27:00";"58";"ac03 - Aci";"794.36";"BR-365/MG";"Leste";"Colisão Traseira";0;0;2;0;0;0;0;0;0;0;2;0;0;0;0
"22/03/2023";"10:52:00";"135";"ac03 - Aci";"736.801";"BR-365/MG";"Oeste";"Choque - Veiculo parado na pista";1;0;1;0;0;0;0;0;0;0;3;0;0;0;0
"22/03/2023";"01:58:00";"213";"ac02 - Aci";"21.66";"BR-364/GO";"Leste";"Colisão Traseira";1;0;0;0;0;0;0;0;0;1;1;1;1;0;0
"22/03/2023";"09:55:00";"364";"ac02 - Aci";"726.1";"BR-365/MG";"Oeste";"Colisão Traseira";0;0;1;0;0;0;0;0;0;1;1;0;2;0;0
"23/03/2023";"10:10:00";"375";"ac03 - Aci";"793";"BR-365/MG";"Oeste";"Colisão Transversal";1;0;0;0;0;0;0;0;0;0;1;0;0;0;0
"24/03/2023";"12:11:00";"3";"ac02 - Aci";"706";"BR-365/MG";"Leste";"Tombamento";0;0;1;0;0;0;0;0;0;0;0;0;1;0;0
"24/03/2023";"05:42:00";"29";"ac02 - Aci";"119.3";"BR-364/GO";"Oeste";"Colisão Traseira";1;0;0;0;0;0;0;0;0;1;2;1;0;0;0
"24/03/2023";"05:23:00";"258";"ac03 - Aci";"820.14";"BR-365/MG";"Oeste";"Colisão Transversal";1;0;1;0;0;0;0;0;0;0;3;0;0;0;0
"24/03/2023";"05:59:00";"266";"ac02 - Aci";"36.45";"BR-364/GO";"Leste";"Tombamento";0;0;1;0;0;0;0;0;0;0;0;0;1;0;0
"27/03/2023";"04:35:00";"276";"ac02 - Aci";"671.35";"BR-365/MG";"Leste";"Capotamento";0;0;0;0;0;0;0;0;0;1;1;1;1;0;0
"28/03/2023";"12:49:00";"169";"ac03 - Aci";"706";"BR-365/MG";"Leste";"Colisão Transversal";0;0;2;0;0;0;0;0;0;0;0;0;0;0;0
"28/03/2023";"01:32:00";"174";"ac03 - Aci";"627";"BR-365/MG";"Oeste";"Choque - Meio fio";1;0;0;0;0;0;0;0;0;0;1;0;0;0;0
"29/03/2023";"04:47:00";"35";"ac04 - Aci";"156";"BR-364/GO";"Oeste";"Choque - Outros";0;0;0;0;0;0;0;0;0;1;0;0;0;0;0
"29/03/2023";"05:16:00";"38";"ac03 - Aci";"854.12";"BR-365/MG";"Oeste";"Atropelamento de Animal";1;0;0;0;0;0;0;0;0;0;1;0;0;0;0
"30/03/2023";"07:11:00";"59";"ac03 - Aci";"645.6";"BR-365/MG";"Leste";"Choque - Sinalização";0;0;1;0;0;0;0;0;0;0;1;0;0;0;0
"30/03/2023";"10:10:00";"408";"ac03 - Aci";"842.561";"BR-365/MG";"Leste";"Colisão Traseira";1;0;1;0;0;0;0;0;0;0;2;0;0;0;0
"31/03/2023";"02:23:00";"248";"ac02 - Aci";"643.2";"BR-365/MG";"Leste";"Capotamento";0;0;0;0;0;0;0;0;0;1;0;1;1;0;0
"31/03/2023";"03:47:00";"282";"ac02 - Aci";"779.5";"BR-365/MG";"Leste";"Colisão Traseira";2;0;1;0;0;0;0;0;0;0;1;0;3;0;0
"31/03/2023";"04:52:00";"307";"ac03 - Aci";"706";"BR-365/MG";"Oeste";"Choque - Talude ou Barranco";1;0;0;0;0;0;0;0;0;0;5;0;0;0;0
"31/03/2023";"10:08:00";"408";"ac03 - Aci";"637.13";"BR-365/MG";"Leste";"Atropelamento de Animal";1;0;0;0;0;0;0;0;0;0;1;0;0;0;0
"31/03/2023";"10:23:00";"410";"ac01 - Aci";"637.199";"BR-365/MG";"Leste";"Atropelamento de Animal";0;0;0;1;0;0;0;0;0;0;0;0;0;0;1
"01/04/2023";"01:13:00";"14";"ac03 - Aci";"18.2";"BR-364/GO";"Oeste";"Capotamento";1;0;0;0;0;0;0;0;0;0;0;0;0;0;0
"01/04/2023";"07:39:00";"331";"ac03 - Aci";"859.16";"BR-365/MG";"Leste";"Atropelamento de Animal";0;0;1;0;0;0;0;0;0;0;1;0;0;0;0
"03/04/2023";"09:57:00";"129";"ac03 - Aci";"826.65";"BR-365/MG";"Oeste";"Tombamento";1;0;0;0;0;1;0;0;0;0;2;0;0;0;0
"03/04/2023";"02:17:00";"198";"ac02 - Aci";"662.6";"BR-365/MG";"Oeste";"Capotamento";1;0;1;0;0;0;0;0;0;0;1;1;0;0;0
"03/04/2023";"03:11:00";"220";"ac02 - Aci";"694.73";"BR-365/MG";"Leste";"Colisão Traseira";2;0;0;0;0;0;0;0;0;0;3;1;0;0;0
"03/04/2023";"10:41:00";"325";"ac03 - Aci";"735.8";"BR-365/MG";"Oeste";"Capotamento";1;0;0;0;0;0;0;0;0;0;2;0;0;0;0
"04/04/2023";"12:55:00";"200";"ac03 - Aci";"848.8";"BR-365/MG";"Oeste";"Objeto lançado contra veículo";0;0;1;0;0;1;0;0;0;0;3;0;0;0;0
"04/04/2023";"11:03:00";"355";"ac02 - Aci";"706";"BR-365/MG";"Oeste";"Colisão lateral no mesmo sentido";0;0;3;0;0;0;0;0;0;0;2;1;0;0;0
"05/04/2023";"03:13:00";"18";"ac03 - Aci";"54.8";"BR-364/GO";"Leste";"Choque - Sinalização";0;0;0;0;0;0;0;0;0;1;0;0;0;0;0
"05/04/2023";"06:39:00";"326";"ac03 - Aci";"631.17";"BR-365/MG";"Leste";"Colisão lateral no mesmo sentido";0;0;1;0;0;0;0;0;0;1;2;0;0;0;0
"06/04/2023";"08:48:00";"392";"ac03 - Aci";"843.5";"BR-365/MG";"Oeste";"Atropelamento de Animal";1;0;0;0;0;0;0;0;0;0;4;0;0;0;0
"06/04/2023";"09:53:00";"406";"ac03 - Aci";"59";"BR-364/GO";"Leste";"Colisão Traseira";2;0;0;0;0;0;0;0;0;0;7;0;0;0;0
"07/04/2023";"03:01:00";"22";"ac02 - Aci";"726.9";"BR-365/MG";"Leste";"Choque - Defensa metálica";1;0;0;0;0;0;0;0;0;0;0;0;1;0;0
"07/04/2023";"11:39:00";"176";"ac02 - Aci";"656.034";"BR-365/MG";"Leste";"Capotamento";1;0;0;0;0;0;0;0;0;0;0;1;1;0;0
"07/04/2023";"05:42:00";"277";"ac03 - Aci";"676.24";"BR-365/MG";"Leste";"Capotamento";0;0;0;0;0;0;0;0;0;1;1;0;0;0;0
"08/04/2023";"04:46:00";"167";"ac03 - Aci";"652.8";"BR-365/MG";"Leste";"Choque - Sinalização";1;0;0;0;0;0;0;0;0;0;2;0;0;0;0
"09/04/2023";"01:13:00";"131";"ac03 - Aci";"706";"BR-365/MG";"Leste";"Colisão Traseira";1;0;0;0;0;0;0;0;0;1;6;0;0;0;0
"09/04/2023";"02:47:00";"162";"ac02 - Aci";"683";"BR-365/MG";"Leste";"Capotamento";1;0;0;0;0;0;0;0;0;0;0;2;0;0;0
"09/04/2023";"03:56:00";"195";"ac02 - Aci";"93.32";"BR-364/GO";"Oeste";"Engavetamento";1;0;0;0;0;0;0;0;0;2;6;4;0;0;0
"09/04/2023";"04:05:00";"201";"ac03 - Aci";"749";"BR-365/MG";"Leste";"Choque - Defensa metálica";1;0;0;0;0;0;0;0;0;0;0;0;0;0;0
"09/04/2023";"04:28:00";"215";"ac03 - Aci";"683.75";"BR-365/MG";"Leste";"Colisão Traseira";2;0;0;0;0;0;0;0;0;0;6;0;0;0;0
"09/04/2023";"07:31:00";"289";"ac03 - Aci";"794.52";"BR-365/MG";"Leste";"Choque - Elemento de Drenagem";0;0;0;0;0;0;0;0;0;1;1;0;0;0;0