data;horario;n_da_ocorrencia;tipo_de_ocorrencia;km;trecho;sentido;tipo_de_acidente;automovel;bicicleta;caminhao;moto;onibus;outros;tracao_animal;transporte_de_cargas_especiais;trator_maquinas;utilitarios;ilesos;levemente_feridos;moderadamente_feridos;gravemente_feridos;mortos
"10/07/2023";"02:40:00";"184";"ac02 - Aci";"749";"BR-365/MG";"Leste";"Queda de Moto";0;0;0;1;0;0;0;0;0;0;0;1;1;0;0
"10/07/2023";"04:14:00";"229";"ac02 - Aci";"9.5";"BR-364/GO";"Leste";"Colisão Traseira";0;0;2;0;0;0;0;0;0;0;1;1;0;0;0
"10/07/2023";"05:16:00";"250";"ac03 - Aci";"92.84";"BR-364/GO";"Oeste";"Colisão Traseira";0;0;2;0;0;0;0;0;0;0;3;0;0;0;0
"11/07/2023";"06:55:00";"43";"ac03 - Aci";"744.65";"BR-365/MG";"Oeste";"Choque - Defensa metálica";1;0;0;0;0;0;0;0;0;0;1;0;0;0;0
"11/07/2023";"07:29:00";"62";"ac03 - Aci";"772.05";"BR-365/MG";"Oeste";"Atropelamento de Animal";1;0;0;0;0;0;0;0;0;0;1;0;0;0;0
"11/07/2023";"08:16:00";"84";"ac03 - Aci";"734";"BR-365/MG";"Leste";"Choque - Objeto sobre a pista";0;0;2;0;0;0;0;0;0;1;6;0;0;0;0
"11/07/2023";"03:48:00";"261";"ac02 - Aci";"706.45";"BR-365/MG";"Leste";"Tombamento";0;0;1;0;0;0;0;0;0;0;0;1;0;0;0
"11/07/2023";"04:12:00";"272";"ac02 - Aci";"719.75";"BR-365/MG";"Leste";"Capotamento";1;0;0;0;0;0;0;0;0;0;0;1;0;0;0
"12/07/2023";"03:34:00";"263";"ac03 - Aci";"680.2";"BR-365/MG";"Leste";"Choque - Outros";0;0;0;0;0;0;0;0;0;1;3;0;0;0;0
"13/07/2023";"01:11:00";"16";"ac02 - Aci";"638.9";"BR-365/MG";"Oeste";"Atropelamento - Pedestre";0;0;1;0;0;0;0;0;0;0;1;0;0;1;0
"14/07/2023";"09:10:00";"98";"ac03 - Aci";"825.23";"BR-365/MG";"Oeste";"Colisão lateral no mesmo sentido";1;0;0;0;0;1;0;0;0;0;3;0;0;0;0
"14/07/2023";"06:54:00";"289";"ac02 - Aci";"672.39";"BR-365/MG";"Oeste";"Colisão lateral no mesmo sentido";0;0;0;0;0;0;0;0;0;3;5;0;2;0;0
"15/07/2023";"04:28:00";"270";"ac03 - Aci";"737.12";"BR-365/MG";"Oeste";"Colisão Traseira";0;0;0;0;1;1;0;0;0;0;21;0;0;0;0
"15/07/2023";"06:27:00";"306";"ac03 - Aci";"816";"BR-365/MG";"Oeste";"Choque - Talude ou Barranco";1;0;0;0;0;0;0;0;0;0;1;0;0;0;0
"17/07/2023";"06:12:00";"30";"ac03 - Aci";"686.7";"BR-365/MG";"Oeste";"Choque - Sinalização";0;0;0;0;0;0;0;0;0;1;1;0;0;0;0
"18/07/2023";"11:40:00";"173";"ac02 - Aci";"757";"BR-365/MG";"Oeste";"Colisão lateral no mesmo sentido";1;0;1;0;0;0;0;0;0;0;2;0;0;1;0
"18/07/2023";"08:09:00";"296";"ac04 - Aci";"748";"BR-365/MG";"Leste";"Choque - Outros";0;0;0;0;0;0;0;0;0;0;0;1;0;0;0
"19/07/2023";"01:42:00";"11";"ac03 - Aci";"22";"BR-364/GO";"Leste";"Tombamento";0;0;1;0;0;0;0;0;0;0;1;0;0;0;0
"20/07/2023";"10:59:00";"306";"ac03 - Aci";"817.6";"BR-365/MG";"Oeste";"Atropelamento de Animal";1;0;0;0;0;0;0;0;0;0;1;0;0;0;0
"21/07/2023";"02:20:00";"16";"ac02 - Aci";"706.6";"BR-365/MG";"Oeste";"Tombamento";0;0;1;0;0;0;0;0;0;0;0;1;0;0;0
"21/07/2023";"09:20:00";"108";"ac03 - Aci";"11.4";"BR-364/GO";"Leste";"Colisão Traseira";1;0;0;0;0;0;0;0;0;1;4;0;0;0;0
"21/07/2023";"11:04:00";"362";"ac03 - Aci";"685.63";"BR-365/MG";"Leste";"Colisão lateral no mesmo sentido";0;0;2;0;0;0;0;0;0;0;3;0;0;0;0
"22/07/2023";"03:42:00";"19";"ac03 - Aci";"795";"BR-365/MG";"Oeste";"Choque - Outros";1;0;0;0;0;0;0;0;0;0;2;0;0;0;0
"22/07/2023";"07:19:00";"46";"ac03 - Aci";"860";"BR-365/MG";"Oeste";"Tombamento";0;0;3;0;0;0;0;0;0;0;3;0;0;0;0
"23/07/2023";"01:03:00";"7";"ac02 - Aci";"757.29";"BR-365/MG";"Oeste";"Choque - Meio fio";0;0;0;1;0;0;0;0;0;0;0;1;0;0;0
"23/07/2023";"12:39:00";"121";"ac03 - Aci";"661";"BR-365/MG";"Leste";"Capotamento";1;0;0;0;0;0;0;0;0;0;1;0;0;0;0
"23/07/2023";"12:49:00";"122";"ac02 - Aci";"808";"BR-365/MG";"Leste";"Capotamento";1;0;0;0;0;0;0;0;0;0;1;1;0;0;0
"23/07/2023";"07:30:00";"273";"ac03 - Aci";"17.37";"BR-364/GO";"Leste";"Atropelamento de Animal";1;0;0;0;0;0;0;0;0;0;2;0;0;0;0
"23/07/2023";"08:11:00";"286";"ac02 - Aci";"854.9";"BR-365/MG";"Leste";"Atropelamento de Animal";1;0;0;0;0;0;0;0;0;0;1;1;0;0;0
"24/07/2023";"09:35:00";"134";"ac03 - Aci";"82";"BR-364/GO";"Oeste";"Colisão Traseira";1;0;1;0;0;1;0;0;0;0;1;0;0;0;0
"24/07/2023";"10:58:00";"178";"ac04 - Aci";"660";"BR-365/MG";"Leste";"Choque - Outros";0;0;1;0;0;0;0;0;0;0;1;0;0;0;0
"25/07/2023";"12:59:00";"6";"ac03 - Aci";"183.32";"BR-364/GO";"Oeste";"Choque - Talude ou Barranco";0;0;0;0;0;0;0;0;0;1;1;0;0;0;0
"25/07/2023";"10:52:00";"137";"ac03 - Aci";"678.18";"BR-365/MG";"Oeste";"Choque - Veiculo parado no acostamento";0;0;0;1;0;0;0;0;0;1;2;0;0;0;0
"25/07/2023";"07:08:00";"292";"ac03 - Aci";"861";"BR-365/MG";"Oeste";"Atropelamento de Animal";1;0;0;0;0;0;0;0;0;0;1;0;0;0;0
"26/07/2023";"02:04:00";"10";"ac03 - Aci";"839.5";"BR-365/MG";"Leste";"Atropelamento de Animal";0;0;1;0;0;0;0;0;0;0;1;0;0;0;0
"26/07/2023";"10:17:00";"128";"ac03 - Aci";"654";"BR-365/MG";"Oeste";"Choque - Outros";1;0;0;0;0;1;0;0;0;0;2;0;0;0;0
"26/07/2023";"12:06:00";"167";"ac03 - Aci";"653.4";"BR-365/MG";"Oeste";"Choque - Defensa metálica";1;0;0;0;0;0;0;0;0;0;4;0;0;0;0
"26/07/2023";"05:35:00";"287";"ac01 - Aci";"823";"BR-365/MG";"Leste";"Colisão Transversal";0;1;1;0;0;0;0;0;0;0;1;0;0;0;1
"27/07/2023";"03:28:00";"21";"ac03 - Aci";"96.14";"BR-364/GO";"Oeste";"Choque - Defensa metálica";0;0;1;0;0;0;0;0;0;0;1;0;0;0;0
"27/07/2023";"07:02:00";"38";"ac03 - Aci";"751";"BR-365/MG";"Oeste";"Colisão lateral no mesmo sentido";1;0;0;0;0;1;0;0;0;0;1;0;0;0;0
"29/07/2023";"01:30:00";"8";"ac03 - Aci";"806.8";"BR-365/MG";"Oeste";"Capotamento";1;0;0;0;0;0;0;0;0;0;1;0;0;0;0
"29/07/2023";"06:02:00";"233";"ac03 - Aci";"755";"BR-365/MG";"Leste";"Choque - Sinalização";0;0;0;0;0;1;0;0;0;0;2;0;0;0;0
"30/07/2023";"08:40:00";"75";"ac03 - Aci";"89";"BR-364/GO";"Oeste";"Colisão Transversal";0;0;2;0;0;0;0;0;0;0;2;0;0;0;0
"30/07/2023";"11:32:00";"126";"ac03 - Aci";"53.7";"BR-364/GO";"Leste";"Capotamento";1;0;0;0;0;0;0;0;0;0;1;0;0;0;0
"30/07/2023";"05:48:00";"268";"ac02 - Aci";"749";"BR-365/MG";"Leste";"Choque - Meio fio";0;0;0;1;0;0;0;0;0;0;0;0;1;0;0
"31/07/2023";"02:12:00";"232";"ac02 - Aci";"777.1";"BR-365/MG";"Leste";"Capotamento";1;0;0;0;0;0;0;0;0;0;0;1;2;0;0
"31/07/2023";"10:55:00";"379";"ac02 - Aci";"706.6";"BR-365/MG";"Oeste";"Tombamento";0;0;1;0;0;0;0;0;0;0;0;1;0;0;0
"02/08/2023";"03:41:00";"228";"ac02 - Aci";"629.3";"BR-365/MG";"Oeste";"Queda de Moto";0;0;0;1;0;0;0;0;0;0;0;1;0;0;0
"03/08/2023";"08:49:00";"352";"ac03 - Aci";"114";"BR-364/GO";"Leste";"Colisão Transversal";2;0;0;0;0;0;0;0;0;0;4;0;0;0;0
"04/08/2023";"05:26:00";"24";"ac03 - Aci";"57";"BR-364/GO";"Leste";"Atropelamento de Animal";0;0;1;0;0;0;0;0;0;0;1;0;0;0;0
"04/08/2023";"08:18:00";"93";"ac03 - Aci";"177.5";"BR-364/GO";"Leste";"Choque - Arvore";1;0;0;0;0;0;0;0;0;0;3;0;0;0;0
"05/08/2023";"05:31:00";"34";"ac02 - Aci";"683.4";"BR-365/MG";"Oeste";"Tombamento";0;0;1;0;0;0;0;0;0;0;0;1;1;0;0
"05/08/2023";"09:10:00";"109";"ac03 - Aci";"0.5";"BR-364/GO";"Leste";"Colisão Transversal";1;0;1;0;0;0;0;0;0;0;4;0;0;0;0
"05/08/2023";"06:05:00";"305";"ac02 - Aci";"681.5";"BR-365/MG";"Leste";"Colisão Frontal";2;0;0;0;0;0;0;0;0;0;1;1;0;0;0
"06/08/2023";"05:50:00";"34";"ac03 - Aci";"651.52";"BR-365/MG";"Leste";"Choque - Meio fio";1;0;0;0;0;0;0;0;0;0;1;0;0;0;0
"06/08/2023";"03:56:00";"208";"ac03 - Aci";"635.7";"BR-365/MG";"Leste";"Tombamento";0;0;0;0;0;1;0;0;0;1;1;0;0;0;0
"06/08/2023";"04:56:00";"225";"ac02 - Aci";"52.7";"BR-364/GO";"Oeste";"Capotamento";1;0;0;0;0;0;0;0;0;0;0;1;0;0;0
"06/08/2023";"06:55:00";"264";"ac02 - Aci";"627";"BR-365/MG";"Oeste";"Colisão lateral no mesmo sentido";0;0;0;1;0;1;0;0;0;0;0;0;1;1;0
"06/08/2023";"07:02:00";"265";"ac02 - Aci";"865.48";"BR-365/MG";"Leste";"Colisão lateral no mesmo sentido";1;0;0;0;0;1;0;0;0;0;2;0;0;2;0
"07/08/2023";"12:48:00";"6";"ac02 - Aci";"30.9";"BR-364/GO";"Oeste";"Choque - Defensa metálica";0;0;0;1;0;0;0;0;0;0;0;0;0;1;0
"08/08/2023";"06:46:00";"34";"ac03 - Aci";"696.8";"BR-365/MG";"Oeste";"Choque - Elemento de Drenagem";1;0;0;0;0;0;0;0;0;0;1;0;0;0;0
"08/08/2023";"07:24:00";"341";"ac02 - Aci";"702.15";"BR-365/MG";"Leste";"Colisão Traseira";1;0;1;0;0;0;0;0;0;0;0;0;1;0;0
"09/08/2023";"03:20:00";"236";"ac03 - Aci";"647.95";"BR-365/MG";"Leste";"Choque - Meio fio";1;0;0;0;0;0;0;0;0;0;1;0;0;0;0
"09/08/2023";"08:55:00";"330";"ac02 - Aci";"851";"BR-365/MG";"Leste";"Colisão lateral no mesmo sentido";1;0;0;0;0;0;0;0;0;0;1;1;0;0;0
"10/08/2023";"12:17:00";"2";"ac03 - Aci";"640.28";"BR-365/MG";"Leste";"Atropelamento de Animal";0;0;0;0;0;0;0;0;0;1;1;0;0;0;0
"10/08/2023";"06:12:00";"37";"ac02 - Aci";"806.15";"BR-365/MG";"Oeste";"Colisão Traseira";0;0;0;0;0;1;0;0;0;1;0;0;2;0;0
"10/08/2023";"08:16:00";"86";"ac03 - Aci";"93.12";"BR-364/GO";"Oeste";"Colisão Traseira";1;0;1;0;0;0;0;0;0;0;3;0;0;0;0
"10/08/2023";"11:20:00";"367";"ac01 - Aci";"648.5";"BR-365/MG";"Oeste";"Colisão Frontal";0;0;2;0;0;0;0;0;0;0;0;0;0;0;2
"11/08/2023";"06:52:00";"288";"ac03 - Aci";"737.2";"BR-365/MG";"Oeste";"Choque - Talude ou Barranco";1;0;0;0;0;0;0;0;0;0;5;0;0;0;0
"11/08/2023";"08:26:00";"326";"ac02 - Aci";"187.9";"BR-364/GO";"Oeste";"Atropelamento de Animal";1;0;0;0;0;0;0;0;0;0;2;0;1;0;0
"12/08/2023";"06:28:00";"41";"ac03 - Aci";"656";"BR-365/MG";"Leste";"Choque - Outros";1;0;0;0;0;0;0;0;0;0;1;0;0;0;0
"12/08/2023";"11:38:00";"200";"ac03 - Aci";"178.85";"BR-364/GO";"Leste";"Choque - Defensa metálica";1;0;0;0;0;0;0;0;0;0;1;0;0;0;0
"13/08/2023";"01:01:00";"6";"ac03 - Aci";"655";"BR-365/MG";"Leste";"Choque - Defensa metálica";1;0;0;0;0;0;0;0;0;0;1;0;0;0;0
"13/08/2023";"04:20:00";"195";"ac02 - Aci";"721.4";"BR-365/MG";"Leste";"Colisão Traseira";1;0;0;0;0;0;0;0;0;1;6;2;0;0;0
"15/08/2023";"10:02:00";"263";"ac01 - Aci";"863.6";"BR-365/MG";"Oeste";"Colisão Transversal";1;0;1;0;0;0;0;0;0;0;1;0;0;2;1
"16/08/2023";"08:15:00";"75";"ac03 - Aci";"159.3";"BR-364/GO";"Oeste";"Colisão Traseira";0;0;2;0;0;0;0;0;0;0;2;0;0;0;0
"16/08/2023";"11:01:00";"147";"ac02 - Aci";"681.89";"BR-365/MG";"Oeste";"Tombamento";0;0;1;0;0;0;0;0;0;0;0;1;0;0;0
"17/08/2023";"06:43:00";"287";"ac02 - Aci";"67.03";"BR-364/GO";"Leste";"Tombamento";0;0;1;0;0;0;0;0;0;0;0;1;0;0;0
"17/08/2023";"09:37:00";"322";"ac03 - Aci";"647";"BR-365/MG";"Oeste";"Colisão lateral no mesmo sentido";0;0;1;0;0;0;0;0;0;1;3;0;0;0;0
"18/08/2023";"12:28:00";"150";"ac02 - Aci";"644.9";"BR-365/MG";"Oeste";"Colisão Transversal";0;0;1;0;0;0;0;0;0;1;1;0;1;0;0
"18/08/2023";"08:55:00";"309";"ac02 - Aci";"633.77";"BR-365/MG";"Leste";"Capotamento";2;0;0;0;0;0;0;0;0;0;1;1;0;0;0
"20/08/2023";"06:08:00";"21";"ac03 - Aci";"110.67";"BR-364/GO";"Leste";"Capotamento";1;0;0;0;0;0;0;0;0;0;1;0;0;0;0
"20/08/2023";"08:20:00";"66";"ac03 - Aci";"4.8";"BR-364/GO";"Leste";"Tombamento";0;0;1;0;0;0;0;0;0;0;1;0;0;0;0
"20/08/2023";"11:28:00";"129";"ac03 - Aci";"671.5";"BR-365/MG";"Leste";"Choque - Defensa metálica";1;0;0;0;0;0;0;0;0;0;3;0;0;0;0
"20/08/2023";"12:06:00";"139";"ac03 - Aci";"680";"BR-365/MG";"Leste";"Capotamento";1;0;0;0;0;0;0;0;0;0;4;0;0;0;0
"21/08/2023";"05:54:00";"35";"ac03 - Aci";"92.8";"BR-364/GO";"Oeste";"Choque - Arvore";0;0;1;0;0;0;0;0;0;0;2;0;0;0;0
"21/08/2023";"09:49:00";"360";"ac04 - Aci";"706";"BR-365/MG";"Leste";"Colisão Traseira";1;0;0;0;0;1;0;0;0;0;1;0;0;0;0
"23/08/2023";"06:16:00";"31";"ac02 - Aci";"713.1";"BR-365/MG";"Leste";"Colisão lateral no sentido contrário";1;0;1;0;0;1;0;0;0;0;1;1;0;0;0
"23/08/2023";"04:09:00";"232";"ac03 - Aci";"109.5";"BR-364/GO";"Oeste";"Colisão lateral no mesmo sentido";1;0;0;0;0;0;0;0;0;1;4;0;0;0;0
"24/08/2023";"12:25:00";"3";"ac03 - Aci";"135.6";"BR-364/GO";"Oeste";"Atropelamento de Animal";0;0;1;0;0;0;0;0;0;0;1;0;0;0;0
"24/08/2023";"10:31:00";"433";"ac02 - Aci";"694.8";"BR-365/MG";"Oeste";"Colisão Traseira";0;0;2;0;0;0;0;0;0;0;0;2;0;0;0
"25/08/2023";"02:43:00";"20";"ac03 - Aci";"754";"BR-365/MG";"Oeste";"Choque - Sinalização";1;0;0;0;0;0;0;0;0;0;1;0;0;0;0
"25/08/2023";"07:24:00";"60";"ac02 - Aci";"175.5";"BR-364/GO";"Leste";"Tombamento";0;0;1;0;0;0;0;0;0;0;0;0;1;0;0
"26/08/2023";"05:01:00";"234";"ac03 - Aci";"685.13";"BR-365/MG";"Oeste";"Choque - Elemento de Drenagem";0;0;0;0;0;1;0;0;0;1;5;0;0;0;0
"26/08/2023";"08:07:00";"259";"ac01 - Aci";"15.51";"BR-364/GO";"Leste";"Colisão Frontal";0;0;1;0;0;0;0;0;0;1;1;0;0;0;1
"27/08/2023";"06:47:00";"32";"ac02 - Aci";"649.1";"BR-365/MG";"Oeste";"Capotamento";1;0;0;0;0;0;0;0;0;0;1;0;1;0;0
"27/08/2023";"09:42:00";"93";"ac03 - Aci";"631.6";"BR-365/MG";"Leste";"Colisão lateral no mesmo sentido";1;0;1;0;0;0;0;0;0;0;5;0;0;0;0
"27/08/2023";"07:58:00";"260";"ac04 - Aci";"704.35";"BR-365/MG";"Leste";"Choque - Outros";0;0;0;0;0;0;0;0;0;0;0;1;0;0;0
"28/08/2023";"06:04:00";"269";"ac02 - Aci";"716.5";"BR-365/MG";"Leste";"Choque - Talude ou Barranco";0;0;1;0;0;0;0;0;0;0;0;1;0;0;0
"30/08/2023";"03:15:00";"222";"ac03 - Aci";"643.1";"BR-365/MG";"Leste";"Choque - Meio fio";1;0;0;0;0;0;0;0;0;0;1;0;0;0;0
"30/08/2023";"04:58:00";"260";"ac03 - Aci";"61.9";"BR-364/GO";"Leste";"Tombamento";0;0;1;0;0;0;0;0;0;0;2;0;0;0;0
"31/08/2023";"02:30:00";"222";"ac02 - Aci";"70.96";"BR-364/GO";"Leste";"Capotamento";1;0;0;0;0;0;0;0;0;0;2;1;1;0;0
"31/08/2023";"03:17:00";"248";"ac02 - Aci";"690.2";"BR-365/MG";"Oeste";"Colisão Traseira";0;0;2;0;0;0;0;0;0;0;1;0;0;1;0
"31/08/2023";"04:15:00";"267";"ac03 - Aci";"680";"BR-365/MG";"Leste";"Choque - Outros";0;0;0;0;0;0;0;0;0;1;1;0;0;0;0
"31/08/2023";"04:29:00";"269";"ac04 - Aci";"704.35";"BR-365/MG";"Leste";"Choque - Objeto sobre a pista";0;0;0;0;0;0;0;0;0;0;0;1;0;0;0
"01/09/2023";"11:15:00";"168";"ac02 - Aci";"0.89";"BR-364/GO";"Leste";"Tombamento";0;0;1;0;0;0;0;0;0;0;0;1;0;0;0
"02/09/2023";"11:28:00";"185";"ac02 - Aci";"839.35";"BR-365/MG";"Oeste";"Capotamento";1;0;0;0;0;0;0;0;0;0;0;2;0;0;0
"02/09/2023";"04:15:00";"278";"ac02 - Aci";"794";"BR-365/MG";"Leste";"Queda de Moto";0;0;0;1;0;0;0;0;0;0;0;1;1;0;0
"02/09/2023";"07:51:00";"354";"ac03 - Aci";"780";"BR-365/MG";"Oeste";"Choque - Arvore";1;0;0;0;0;0;0;0;0;0;1;0;0;0;0
"04/09/2023";"06:11:00";"299";"ac02 - Aci";"648.1";"BR-365/MG";"Leste";"Choque - Meio fio";1;0;0;0;0;0;0;0;0;0;0;1;0;0;0
"05/09/2023";"08:40:00";"110";"ac02 - Aci";"755";"BR-365/MG";"Leste";"Queda de Moto";0;0;0;1;0;0;0;0;0;0;0;1;0;0;0
"05/09/2023";"07:12:00";"337";"ac03 - Aci";"651.13";"BR-365/MG";"Oeste";"Choque - Meio fio";1;0;0;0;0;0;0;0;0;0;1;0;0;0;0
"06/09/2023";"11:47:00";"440";"ac03 - Aci";"826.16";"BR-365/MG";"Oeste";"Choque - Talude ou Barranco";1;0;0;0;0;0;0;0;0;0;1;0;0;0;0
"07/09/2023";"12:35:00";"9";"ac02 - Aci";"712.4";"BR-365/MG";"Oeste";"Choque - Defensa metálica";1;0;0;0;0;0;0;0;0;0;2;1;0;0;0
"07/09/2023";"02:05:00";"18";"ac03 - Aci";"633.2";"BR-365/MG";"Leste";"Choque - Defensa metálica";0;0;0;0;0;0;0;0;0;1;1;0;0;0;0
"09/09/2023";"02:12:00";"19";"ac02 - Aci";"706.5";"BR-365/MG";"Oeste";"Tombamento";0;0;1;0;0;0;0;0;0;0;0;0;1;0;0
"09/09/2023";"09:36:00";"300";"ac02 - Aci";"706.5";"BR-365/MG";"Leste";"Tombamento";0;0;1;0;0;0;0;0;0;0;0;1;0;0;0
"10/09/2023";"12:56:00";"159";"ac04 - Aci";"32.95";"BR-364/GO";"Oeste";"Tombamento";0;0;0;0;0;0;0;0;0;0;1;0;0;0;0
"12/09/2023";"07:49:00";"71";"ac01 - Aci";"780";"BR-365/MG";"Oeste";"Colisão lateral no sentido contrário";1;0;1;0;0;0;0;0;0;0;2;1;1;1;1
"12/09/2023";"05:07:00";"274";"ac02 - Aci";"794";"BR-365/MG";"Oeste";"Capotamento";1;0;0;0;0;0;0;0;0;0;0;2;0;0;0
"13/09/2023";"03:55:00";"292";"ac02 - Aci";"750";"BR-365/MG";"Oeste";"Colisão lateral no mesmo sentido";0;1;0;0;0;0;0;0;0;1;3;0;0;1;0
"14/09/2023";"11:33:00";"182";"ac02 - Aci";"849.1";"BR-365/MG";"Leste";"Queda de Moto";0;0;0;1;0;0;0;0;0;0;0;1;0;1;0
"14/09/2023";"06:37:00";"298";"ac02 - Aci";"794.5";"BR-365/MG";"Leste";"Queda de Moto";0;0;0;1;0;0;0;0;0;0;0;1;0;0;0
"14/09/2023";"07:53:00";"318";"ac02 - Aci";"637.55";"BR-365/MG";"Leste";"Colisão lateral no mesmo sentido";1;0;1;0;0;0;0;0;0;1;3;1;0;0;0
"16/09/2023";"03:52:00";"24";"ac02 - Aci";"658.1";"BR-365/MG";"Leste";"Colisão Traseira";1;0;0;1;0;0;0;0;0;0;2;0;0;1;0
"16/09/2023";"06:25:00";"31";"ac03 - Aci";"823";"BR-365/MG";"Leste";"Choque - Sinalização";1;0;0;0;0;0;0;0;0;0;1;0;0;0;0
"16/09/2023";"07:42:00";"272";"ac03 - Aci";"756.2";"BR-365/MG";"Leste";"Choque - Meio fio";1;0;0;0;0;0;0;0;0;0;2;0;0;0;0
"17/09/2023";"10:00:00";"316";"ac01 - Aci";"856.38";"BR-365/MG";"Oeste";"Colisão Frontal";1;0;0;1;0;0;0;0;0;0;3;0;0;0;1
"20/09/2023";"05:33:00";"38";"ac02 - Aci";"6";"BR-364/GO";"Leste";"Choque - Defensa metálica";0;0;1;0;0;0;0;0;0;0;0;2;0;0;0
"20/09/2023";"03:34:00";"279";"ac01 - Aci";"23.7";"BR-364/GO";"Oeste";"Colisão Transversal";2;0;1;0;0;0;0;0;0;0;2;0;0;0;1
"21/09/2023";"05:57:00";"344";"ac03 - Aci";"704";"BR-365/MG";"Oeste";"Colisão lateral no mesmo sentido";0;0;0;0;0;1;0;0;0;1;1;0;0;0;0
"24/09/2023";"03:08:00";"13";"ac03 - Aci";"797.8";"BR-365/MG";"Oeste";"Atropelamento de Animal";1;0;0;0;0;0;0;0;0;0;4;0;0;0;0
"24/09/2023";"01:01:00";"122";"ac03 - Aci";"63.1";"BR-364/GO";"Leste";"Choque - Sinalização";1;0;0;0;0;0;0;0;0;0;1;0;0;0;0
"24/09/2023";"03:59:00";"184";"ac03 - Aci";"753.7";"BR-365/MG";"Leste";"Colisão Traseira";1;0;0;0;0;1;0;0;0;0;1;0;0;0;0
"24/09/2023";"06:46:00";"250";"ac04 - Aci";"32.95";"BR-364/GO";"Leste";"Choque - Outros";0;0;0;0;0;0;0;0;0;0;0;1;0;0;0
"25/09/2023";"06:38:00";"397";"ac03 - Aci";"695.2";"BR-365/MG";"Leste";"Choque - Elemento de Drenagem";0;0;0;0;0;0;0;0;0;1;1;0;0;0;0
"25/09/2023";"08:52:00";"427";"ac03 - Aci";"627";"BR-365/MG";"Oeste";"Queda de Moto";0;0;0;1;0;0;0;0;0;0;1;0;0;0;0
"26/09/2023";"06:13:00";"35";"ac03 - Aci";"706";"BR-365/MG";"Leste";"Choque - Outros";0;0;1;0;0;0;0;0;0;0;1;0;0;0;0
"26/09/2023";"06:54:00";"50";"ac01 - Aci";"685.89";"BR-365/MG";"Oeste";"Atropelamento - Pedestre";0;0;1;0;0;0;0;0;0;0;1;0;0;0;1
"26/09/2023";"09:37:00";"413";"ac02 - Aci";"753.45";"BR-365/MG";"Leste";"Colisão Frontal";1;0;0;1;0;0;0;0;0;0;1;0;0;1;0
"27/09/2023";"08:13:00";"93";"ac03 - Aci";"740.75";"BR-365/MG";"Leste";"Choque - Talude ou Barranco";1;0;0;0;0;0;0;0;0;0;4;0;0;0;0
"27/09/2023";"02:06:00";"236";"ac03 - Aci";"794";"BR-365/MG";"Oeste";"Colisão Traseira";2;0;0;0;0;0;0;0;0;0;2;0;0;0;0
"27/09/2023";"02:11:00";"237";"ac03 - Aci";"168.71";"BR-364/GO";"Leste";"Colisão lateral no sentido contrário";1;0;1;0;0;0;0;0;0;0;2;0;0;0;0
"27/09/2023";"07:10:00";"324";"ac01 - Aci";"776.62";"BR-365/MG";"Oeste";"Atropelamento de Animal";0;0;0;1;0;0;0;0;0;0;0;0;0;0;1
"27/09/2023";"07:38:00";"336";"ac02 - Aci";"776.73";"BR-365/MG";"Leste";"Choque - Veiculo parado na pista";1;0;0;0;0;0;0;0;0;0;3;2;0;0;0
"28/09/2023";"08:00:00";"88";"ac03 - Aci";"629.2";"BR-365/MG";"Oeste";"Choque - Elemento de Drenagem";0;0;0;0;0;0;0;0;0;1;3;0;0;0;0
"28/09/2023";"02:38:00";"226";"ac03 - Aci";"695.3";"BR-365/MG";"Leste";"Choque - Elemento de Drenagem";1;0;0;0;0;0;0;0;0;0;1;0;0;0;0
"29/09/2023";"10:24:00";"176";"ac04 - Aci";"123.15";"BR-364/GO";"Leste";"Choque - Talude ou Barranco";0;0;1;0;0;0;0;0;0;0;1;0;0;0;0
"29/09/2023";"08:36:00";"394";"ac03 - Aci";"867.1";"BR-365/MG";"Leste";"Choque - Outros";0;0;1;0;0;0;0;0;0;0;1;0;0;0;0
"30/09/2023";"12:43:00";"199";"ac02 - Aci";"647.35";"BR-365/MG";"Oeste";"Queda de Moto";0;0;0;1;0;0;0;0;0;0;0;2;0;0;0
"30/09/2023";"03:02:00";"236";"ac03 - Aci";"674";"BR-365/MG";"Oeste";"Choque - Meio fio";1;0;0;0;0;0;0;0;0;0;2;0;0;0;0
"01/10/2023";"12:37:00";"1";"ac03 - Aci";"749.55";"BR-365/MG";"Leste";"Queda de Ciclista";0;1;0;0;0;0;0;0;0;0;1;0;0;0;0
"01/10/2023";"02:28:00";"16";"ac04 - Aci";"670.27";"BR-365/MG";"Oeste";"Choque - Elemento de Drenagem";0;0;0;0;0;0;0;0;0;1;1;0;0;0;0
"01/10/2023";"02:57:00";"18";"ac03 - Aci";"860.26";"BR-365/MG";"Oeste";"Choque - Meio fio";0;0;0;0;0;0;0;0;0;1;1;0;0;0;0
"01/10/2023";"03:59:00";"21";"ac03 - Aci";"90.5";"BR-364/GO";"Leste";"Atropelamento de Animal";1;0;0;0;0;0;0;0;0;0;4;0;0;0;0
"01/10/2023";"05:29:00";"290";"ac03 - Aci";"646.17";"BR-365/MG";"Leste";"Colisão Traseira";1;0;1;0;0;0;0;0;0;0;2;0;0;0;0
"01/10/2023";"06:37:00";"305";"ac02 - Aci";"645.6";"BR-365/MG";"Leste";"Engavetamento";3;0;0;0;0;0;0;0;0;0;4;0;1;0;0
"01/10/2023";"07:30:00";"315";"ac03 - Aci";"631";"BR-365/MG";"Leste";"Colisão Traseira";1;0;1;0;0;0;0;0;0;0;2;0;0;0;0
"02/10/2023";"01:59:00";"10";"ac03 - Aci";"819.9";"BR-365/MG";"Oeste";"Atropelamento de Animal";0;0;1;0;0;0;0;0;0;0;1;0;0;0;0