data;horario;n_da_ocorrencia;tipo_de_ocorrencia;km;trecho;sentido;tipo_de_acidente;automovel;bicicleta;caminhao;moto;onibus;outros;tracao_animal;transporte_de_cargas_especiais;trator_maquinas;utilitarios;ilesos;levemente_feridos;moderadamente_feridos;gravemente_feridos;mortos
"02/10/2023";"04:29:00";"28";"ac03 - Aci";"783.2";"BR-365/MG";"Oeste";"Atropelamento de Animal";1;0;0;0;0;0;0;0;0;0;1;0;0;0;0
"02/10/2023";"08:30:00";"90";"ac02 - Aci";"820.9";"BR-365/MG";"Leste";"Queda de Moto";0;0;0;1;0;0;0;0;0;0;0;1;0;0;0
"03/10/2023";"01:07:00";"242";"ac03 - Aci";"784";"BR-365/MG";"Leste";"Choque - Outros";1;0;0;0;0;0;0;0;0;0;2;0;0;0;0
"03/10/2023";"07:05:00";"364";"ac03 - Aci";"846.4";"BR-365/MG";"Oeste";"Choque - Poste";0;0;1;0;0;0;0;0;0;0;1;0;0;0;0
"03/10/2023";"09:01:00";"398";"ac03 - Aci";"105";"BR-364/GO";"Leste";"Atropelamento - Andarilho";0;0;0;0;0;0;0;0;0;1;1;0;0;0;0
"05/10/2023";"01:26:00";"186";"ac03 - Aci";"95";"BR-364/GO";"Leste";"Choque - Veiculo parado na pista";0;0;2;0;0;0;0;0;0;0;2;0;0;0;0
"05/10/2023";"07:45:00";"294";"ac03 - Aci";"667.17";"BR-365/MG";"Oeste";"Objeto lançado contra veículo";0;0;3;0;0;0;0;0;0;0;3;0;0;0;0
"06/10/2023";"06:19:00";"360";"ac03 - Aci";"671.7";"BR-365/MG";"Oeste";"Choque - Defensa metálica";0;0;1;0;0;0;0;0;0;0;2;0;0;0;0
"07/10/2023";"01:14:00";"9";"ac03 - Aci";"819.05";"BR-365/MG";"Oeste";"Atropelamento de Animal";1;0;0;0;0;0;0;0;0;0;6;0;0;0;0
"07/10/2023";"05:01:00";"29";"ac03 - Aci";"16.37";"BR-364/GO";"Oeste";"Choque - Talude ou Barranco";1;0;0;0;0;0;0;0;0;0;3;0;0;0;0
"07/10/2023";"05:25:00";"32";"ac02 - Aci";"16.37";"BR-364/GO";"Oeste";"Atropelamento de Animal";0;0;0;1;0;0;0;0;0;0;1;0;1;0;0
"07/10/2023";"08:30:00";"125";"ac02 - Aci";"756.1";"BR-365/MG";"Leste";"Choque - Meio fio";0;0;1;0;0;0;0;0;0;1;4;0;1;0;0
"07/10/2023";"06:57:00";"364";"ac03 - Aci";"759";"BR-365/MG";"Oeste";"Choque - Talude ou Barranco";0;0;0;0;0;0;0;0;0;1;1;0;0;0;0
"08/10/2023";"01:34:00";"189";"ac03 - Aci";"860.3";"BR-365/MG";"Leste";"Choque - Sinalização";1;0;0;0;0;0;0;0;0;0;1;0;0;0;0
"08/10/2023";"07:29:00";"324";"ac03 - Aci";"17.3";"BR-364/GO";"Oeste";"Capotamento";1;0;0;0;0;0;0;0;0;0;1;0;0;0;0
"09/10/2023";"10:29:00";"185";"ac02 - Aci";"745";"BR-365/MG";"Leste";"Tombamento";0;0;1;0;0;0;0;0;0;0;2;1;0;0;0
"09/10/2023";"02:17:00";"258";"ac03 - Aci";"751";"BR-365/MG";"Leste";"Choque - Meio fio";1;0;0;0;0;0;0;0;0;0;1;0;0;0;0
"10/10/2023";"08:06:00";"65";"ac02 - Aci";"754.85";"BR-365/MG";"Oeste";"Colisão Frontal";0;0;0;0;0;0;0;0;0;2;2;1;0;0;0
"10/10/2023";"09:30:00";"109";"ac04 - Aci";"168";"BR-364/GO";"Leste";"Queda de Moto";0;0;0;0;0;0;0;0;0;0;1;0;0;0;0
"10/10/2023";"03:56:00";"247";"ac02 - Aci";"626.31";"BR-365/MG";"Leste";"Atropelamento - Pedestre";0;0;0;1;0;0;0;0;0;0;0;1;1;0;0
"10/10/2023";"08:37:00";"340";"ac02 - Aci";"21.6";"BR-364/GO";"Leste";"Tombamento";0;0;1;0;0;0;0;0;0;0;1;2;0;0;0
"10/10/2023";"09:20:00";"348";"ac02 - Aci";"706.5";"BR-365/MG";"Leste";"Tombamento";0;0;1;0;0;0;0;0;0;0;0;0;0;1;0
"10/10/2023";"10:09:00";"355";"ac02 - Aci";"21.1";"BR-364/GO";"Oeste";"Colisão lateral no sentido contrário";1;0;1;1;0;0;0;0;0;0;6;0;0;1;0
"10/10/2023";"11:16:00";"362";"ac03 - Aci";"22.8";"BR-364/GO";"Leste";"Colisão Traseira";0;0;1;0;0;0;0;0;0;1;2;0;0;0;0
"11/10/2023";"08:14:00";"110";"ac03 - Aci";"16.3";"BR-364/GO";"Leste";"Capotamento";0;0;0;0;0;0;0;0;0;1;2;0;0;0;0
"11/10/2023";"03:57:00";"289";"ac03 - Aci";"696.8";"BR-365/MG";"Leste";"Choque - Sinalização";1;0;0;0;0;0;0;0;0;0;1;0;0;0;0
"11/10/2023";"07:00:00";"366";"ac03 - Aci";"764";"BR-365/MG";"Oeste";"Atropelamento - Ambulante";0;0;0;0;0;0;0;0;0;1;4;0;0;0;0
"11/10/2023";"07:59:00";"386";"ac03 - Aci";"659.5";"BR-365/MG";"Oeste";"Choque - Elemento de Drenagem";1;0;0;0;0;0;0;0;0;0;1;0;0;0;0
"11/10/2023";"08:58:00";"400";"ac03 - Aci";"780.1";"BR-365/MG";"Oeste";"Atropelamento - Ambulante";1;0;0;0;0;0;0;0;0;0;2;0;0;0;0
"12/10/2023";"07:31:00";"73";"ac03 - Aci";"750.1";"BR-365/MG";"Oeste";"Choque - Sinalização";0;0;0;0;0;1;0;0;0;0;0;0;0;0;0
"13/10/2023";"10:50:00";"143";"ac03 - Aci";"643.6";"BR-365/MG";"Leste";"Tombamento";0;0;1;0;0;0;0;0;0;0;2;0;0;0;0
"13/10/2023";"07:37:00";"288";"ac02 - Aci";"47.67";"BR-364/GO";"Leste";"Colisão Transversal";1;0;0;1;0;0;0;0;0;0;1;1;1;0;0
"15/10/2023";"02:03:00";"216";"ac03 - Aci";"706.5";"BR-365/MG";"Leste";"Tombamento";0;0;2;0;0;0;0;0;0;0;2;0;0;0;0
"15/10/2023";"04:45:00";"279";"ac03 - Aci";"840.2";"BR-365/MG";"Oeste";"Queda de Moto";0;0;0;1;0;0;0;0;0;0;0;0;0;0;0
"15/10/2023";"05:15:00";"299";"ac03 - Aci";"169";"BR-364/GO";"Oeste";"Choque - Arvore";0;0;0;0;0;1;0;0;0;1;2;0;0;0;0
"15/10/2023";"06:39:00";"323";"ac02 - Aci";"646.2";"BR-365/MG";"Oeste";"Colisão lateral no mesmo sentido";1;0;1;0;0;0;0;0;0;0;3;0;1;0;0
"15/10/2023";"07:45:00";"351";"ac03 - Aci";"645.35";"BR-365/MG";"Leste";"Colisão lateral no mesmo sentido";1;0;1;0;0;0;0;0;0;0;3;0;0;0;0
"16/10/2023";"03:24:00";"298";"ac03 - Aci";"656";"BR-365/MG";"Leste";"Colisão lateral no mesmo sentido";0;0;1;0;0;0;0;0;0;1;2;0;0;0;0
"16/10/2023";"07:19:00";"379";"ac02 - Aci";"768";"BR-365/MG";"Leste";"Colisão Traseira";1;0;0;0;0;0;0;0;0;1;2;1;0;0;0
"17/10/2023";"01:19:00";"13";"ac04 - Aci";"41";"BR-364/GO";"Leste";"Choque - Defensa metálica";0;0;0;0;0;0;0;0;0;1;1;0;0;0;0
"17/10/2023";"05:18:00";"33";"ac03 - Aci";"672.5";"BR-365/MG";"Oeste";"Colisão lateral no mesmo sentido";0;0;2;0;0;0;0;0;0;0;2;0;0;0;0
"17/10/2023";"09:56:00";"126";"ac02 - Aci";"127.6";"BR-364/GO";"Leste";"Choque - Defensa metálica";1;0;0;0;0;0;0;0;0;0;0;1;0;0;0
"17/10/2023";"05:53:00";"270";"ac03 - Aci";"749";"BR-365/MG";"Oeste";"Colisão Traseira";1;0;0;0;0;0;0;0;0;1;3;0;0;0;0
"17/10/2023";"07:13:00";"297";"ac02 - Aci";"12.75";"BR-364/GO";"Leste";"Colisão Traseira";1;0;0;1;0;0;0;0;0;0;3;0;1;0;0
"18/10/2023";"01:36:00";"245";"ac02 - Aci";"680.3";"BR-365/MG";"Oeste";"Colisão Traseira";0;0;2;0;0;0;0;0;0;0;1;1;0;0;0
"19/10/2023";"04:13:00";"354";"ac03 - Aci";"675.88";"BR-365/MG";"Oeste";"Choque - Outros";1;0;0;0;0;0;0;0;0;0;1;0;0;0;0
"19/10/2023";"04:36:00";"367";"ac02 - Aci";"821.79";"BR-365/MG";"Oeste";"Queda de Moto";0;0;0;1;0;0;0;0;0;0;0;0;0;1;0
"19/10/2023";"05:04:00";"376";"ac03 - Aci";"5";"BR-364/GO";"Oeste";"Choque - Talude ou Barranco";0;0;0;0;0;0;0;0;0;1;1;0;0;0;0
"20/10/2023";"01:08:00";"241";"ac02 - Aci";"645.6";"BR-365/MG";"Leste";"Colisão Traseira";1;0;1;0;0;0;0;0;0;0;3;2;0;0;0
"21/10/2023";"09:36:00";"100";"ac02 - Aci";"752.55";"BR-365/MG";"Leste";"Colisão Transversal";0;0;0;1;0;0;0;0;0;1;1;1;0;0;0
"21/10/2023";"03:55:00";"218";"ac02 - Aci";"735.9";"BR-365/MG";"Leste";"Queda de Moto";0;0;0;1;0;0;0;0;0;0;0;2;0;0;0
"21/10/2023";"04:27:00";"232";"ac03 - Aci";"765.9";"BR-365/MG";"Leste";"Choque - Sinalização";1;0;0;0;0;0;0;0;0;0;1;0;0;0;0
"21/10/2023";"04:49:00";"242";"ac03 - Aci";"645.5";"BR-365/MG";"Leste";"Colisão lateral no mesmo sentido";1;0;1;0;0;0;0;0;0;0;4;0;0;0;0
"21/10/2023";"05:14:00";"246";"ac03 - Aci";"645.5";"BR-365/MG";"Leste";"Colisão lateral no mesmo sentido";1;0;1;0;0;0;0;0;0;0;4;0;0;0;0
"22/10/2023";"05:17:00";"35";"ac02 - Aci";"683.18";"BR-365/MG";"Leste";"Colisão Traseira";1;0;0;0;0;1;0;0;0;0;0;0;1;0;0
"22/10/2023";"06:24:00";"235";"ac03 - Aci";"23";"BR-364/GO";"Leste";"Colisão lateral no mesmo sentido";1;0;1;0;0;0;0;0;0;0;1;0;0;0;0
"23/10/2023";"02:42:00";"13";"ac02 - Aci";"824.62";"BR-365/MG";"Leste";"Choque - Talude ou Barranco";1;0;0;0;0;0;0;0;0;0;0;1;0;0;0
"23/10/2023";"10:05:00";"155";"ac03 - Aci";"758.58";"BR-365/MG";"Leste";"Choque - Talude ou Barranco";0;0;0;0;0;0;0;0;0;1;1;0;0;0;0
"24/10/2023";"11:39:00";"210";"ac03 - Aci";"648";"BR-365/MG";"Oeste";"Colisão Transversal";1;0;0;0;1;0;0;0;0;0;21;0;0;0;0
"25/10/2023";"05:08:00";"40";"ac01 - Aci";"677";"BR-365/MG";"Leste";"Atropelamento - Pedestre";0;0;0;0;0;0;0;0;0;1;6;0;0;0;1
"25/10/2023";"08:14:00";"326";"ac03 - Aci";"706.5";"BR-365/MG";"Oeste";"Colisão Transversal";0;0;1;0;0;0;0;0;0;1;5;0;0;0;0
"25/10/2023";"09:20:00";"345";"ac03 - Aci";"690.86";"BR-365/MG";"Leste";"Choque - Elemento de Drenagem";1;0;0;0;0;0;0;0;0;0;2;0;0;0;0
"25/10/2023";"10:51:00";"361";"ac02 - Aci";"635.67";"BR-365/MG";"Leste";"Colisão Traseira";1;0;1;0;0;0;0;0;0;0;1;1;0;0;0
"26/10/2023";"04:49:00";"23";"ac03 - Aci";"750.5";"BR-365/MG";"Leste";"Choque - Sinalização";0;0;0;0;1;0;0;0;0;0;1;0;0;0;0
"26/10/2023";"11:22:00";"174";"ac02 - Aci";"626";"BR-365/MG";"Oeste";"Colisão Traseira";0;0;0;1;0;1;0;0;0;0;0;1;0;0;0
"27/10/2023";"07:06:00";"376";"ac03 - Aci";"756.9";"BR-365/MG";"Leste";"Choque - Elemento de Drenagem";0;0;0;0;0;0;0;0;0;1;1;0;0;0;0
"27/10/2023";"10:15:00";"416";"ac02 - Aci";"802";"BR-365/MG";"Oeste";"Capotamento";0;0;0;0;0;0;0;0;0;1;0;1;0;0;0
"28/10/2023";"06:23:00";"45";"ac02 - Aci";"747.1";"BR-365/MG";"Oeste";"Queda de Moto";0;0;0;1;0;0;0;0;0;0;0;1;0;0;0
"28/10/2023";"07:48:00";"80";"ac02 - Aci";"645";"BR-365/MG";"Oeste";"Capotamento";1;0;0;0;0;0;0;0;0;0;0;0;1;1;0
"28/10/2023";"01:12:00";"215";"ac02 - Aci";"56.55";"BR-364/GO";"Oeste";"Capotamento";1;0;0;0;0;0;0;0;0;0;0;1;0;0;0
"31/10/2023";"06:16:00";"34";"ac03 - Aci";"775.3";"BR-365/MG";"Oeste";"Queda de Moto";0;0;0;1;0;0;0;0;0;0;2;0;0;0;0
"31/10/2023";"08:28:00";"116";"ac03 - Aci";"658.1";"BR-365/MG";"Leste";"Choque - Sinalização";1;0;0;0;0;0;0;0;0;0;1;0;0;0;0
"31/10/2023";"08:36:00";"121";"ac03 - Aci";"734.87";"BR-365/MG";"Oeste";"Choque - Talude ou Barranco";1;0;0;0;0;0;0;0;0;0;1;0;0;0;0
"31/10/2023";"01:05:00";"225";"ac03 - Aci";"811.4";"BR-365/MG";"Leste";"Tombamento";0;0;1;0;0;0;0;0;0;0;1;0;0;0;0
"31/10/2023";"11:48:00";"387";"ac03 - Aci";"148.2";"BR-364/GO";"Oeste";"Choque - Arvore";0;0;1;0;0;0;0;0;0;0;1;0;0;0;0
"02/11/2023";"05:15:00";"41";"ac03 - Aci";"661.76";"BR-365/MG";"Leste";"Choque - Arvore";0;0;1;0;0;0;0;0;0;0;2;0;0;0;0
"02/11/2023";"01:33:00";"224";"ac02 - Aci";"114";"BR-364/GO";"Leste";"Colisão lateral no mesmo sentido";0;0;0;1;0;1;0;0;0;0;0;1;0;0;0
"02/11/2023";"03:07:00";"249";"ac03 - Aci";"706.5";"BR-365/MG";"Leste";"Tombamento";0;0;1;0;0;0;0;0;0;0;1;0;0;0;0
"02/11/2023";"06:03:00";"305";"ac02 - Aci";"657.82";"BR-365/MG";"Leste";"Colisão Traseira";0;0;0;1;0;0;0;0;0;1;1;0;0;1;0
"03/11/2023";"05:15:00";"27";"ac03 - Aci";"115";"BR-364/GO";"Oeste";"Colisão Traseira";1;0;1;0;0;0;0;0;0;0;2;0;0;0;0
"03/11/2023";"10:57:00";"136";"ac02 - Aci";"649.5";"BR-365/MG";"Leste";"Capotamento";1;0;0;0;0;0;0;0;0;0;1;1;1;0;0
"03/11/2023";"05:02:00";"243";"ac01 - Aci";"805.19";"BR-365/MG";"Leste";"Colisão lateral no sentido contrário";0;0;1;0;0;0;0;0;0;1;1;0;0;0;1
"03/11/2023";"08:12:00";"278";"ac02 - Aci";"825.46";"BR-365/MG";"Oeste";"Queda de Moto";0;0;0;1;0;0;0;0;0;0;0;0;1;0;0
"05/11/2023";"10:56:00";"106";"ac03 - Aci";"853.5";"BR-365/MG";"Leste";"Atropelamento de Animal";1;0;0;0;0;0;0;0;0;0;1;0;0;0;0
"05/11/2023";"08:48:00";"293";"ac03 - Aci";"831.6";"BR-365/MG";"Leste";"Atropelamento de Animal";1;0;0;0;0;0;0;0;0;0;5;0;0;0;0
"05/11/2023";"09:36:00";"307";"ac02 - Aci";"775";"BR-365/MG";"Leste";"Atropelamento de Animal";1;0;0;0;0;0;0;0;0;0;4;1;0;0;0
"06/11/2023";"09:22:00";"131";"ac02 - Aci";"706.5";"BR-365/MG";"Oeste";"Colisão lateral no mesmo sentido";0;0;3;0;0;0;0;0;0;0;2;2;0;0;0
"07/11/2023";"10:54:00";"149";"ac03 - Aci";"669.3";"BR-365/MG";"Leste";"Colisão lateral no mesmo sentido";1;0;1;0;0;0;0;0;0;0;1;0;0;0;0
"08/11/2023";"01:59:00";"18";"ac02 - Aci";"657.5";"BR-365/MG";"Leste";"Choque - Elemento de Drenagem";0;0;0;0;0;0;0;0;0;1;1;0;1;0;0
"08/11/2023";"08:34:00";"115";"ac03 - Aci";"116.28";"BR-364/GO";"Leste";"Colisão Traseira";0;0;2;0;0;0;0;0;0;0;2;0;0;0;0
"09/11/2023";"04:44:00";"38";"ac02 - Aci";"861.11";"BR-365/MG";"Leste";"Engavetamento";0;0;3;0;0;0;0;0;0;1;3;1;0;0;0
"09/11/2023";"05:14:00";"306";"ac03 - Aci";"679.89";"BR-365/MG";"Oeste";"Choque - Veiculo parado no acostamento";0;0;1;0;0;1;0;0;0;0;1;0;0;0;0
"09/11/2023";"07:46:00";"359";"ac03 - Aci";"653.48";"BR-365/MG";"Leste";"Atropelamento de Animal";0;0;1;0;0;0;0;0;0;0;1;0;0;0;0
"12/11/2023";"03:42:00";"14";"ac02 - Aci";"49.2";"BR-364/GO";"Oeste";"Choque - Talude ou Barranco";1;0;0;0;0;0;0;0;0;0;2;1;0;0;0
"13/11/2023";"01:15:00";"212";"ac03 - Aci";"20.75";"BR-364/GO";"Oeste";"Colisão Traseira";0;0;1;0;0;0;0;0;0;1;1;0;0;0;0
"14/11/2023";"01:49:00";"15";"ac03 - Aci";"2";"BR-364/GO";"Leste";"Choque - Talude ou Barranco";1;0;0;0;0;0;0;0;0;0;1;0;0;0;0
"15/11/2023";"03:37:00";"212";"ac03 - Aci";"20.75";"BR-364/GO";"Leste";"Choque - Poste";0;0;0;0;0;1;0;0;0;0;1;0;0;0;0
"15/11/2023";"03:41:00";"214";"ac02 - Aci";"747.23";"BR-365/MG";"Leste";"Queda de Moto";0;0;0;1;0;0;0;0;0;0;2;1;0;0;0
"16/11/2023";"02:59:00";"18";"ac03 - Aci";"756.3";"BR-365/MG";"Leste";"Choque - Meio fio";0;0;0;0;0;0;0;0;0;1;1;0;0;0;0
"16/11/2023";"06:19:00";"318";"ac02 - Aci";"736";"BR-365/MG";"Oeste";"Queda de Moto";0;0;0;1;0;0;0;0;0;0;0;1;0;0;0
"16/11/2023";"08:32:00";"355";"ac03 - Aci";"704";"BR-365/MG";"Oeste";"Colisão Traseira";0;0;1;0;0;0;0;0;0;1;2;0;0;0;0
"17/11/2023";"08:55:00";"165";"ac02 - Aci";"693.59";"BR-365/MG";"Leste";"Capotamento";1;0;0;0;0;0;0;0;0;0;0;2;0;0;0
"17/11/2023";"01:11:00";"265";"ac02 - Aci";"650.9";"BR-365/MG";"Leste";"Capotamento";0;0;0;0;0;0;0;0;0;1;0;0;1;0;0
"17/11/2023";"06:54:00";"382";"ac03 - Aci";"691.2";"BR-365/MG";"Oeste";"Atropelamento de Animal";1;0;0;0;0;0;0;0;0;0;1;0;0;0;0
"18/11/2023";"12:40:00";"6";"ac03 - Aci";"788.3";"BR-365/MG";"Leste";"Atropelamento de Animal";1;0;0;0;0;0;0;0;0;0;4;0;0;0;0
"18/11/2023";"03:26:00";"17";"ac03 - Aci";"655.1";"BR-365/MG";"Oeste";"Choque - Elemento de Drenagem";1;0;0;0;0;0;0;0;0;0;1;0;0;0;0
"18/11/2023";"05:43:00";"243";"ac02 - Aci";"849";"BR-365/MG";"Oeste";"Capotamento";0;0;0;0;0;0;0;0;0;1;0;1;0;0;0
"18/11/2023";"07:59:00";"276";"ac03 - Aci";"793.1";"BR-365/MG";"Leste";"Colisão Traseira";0;0;1;0;0;0;0;0;0;1;2;0;0;0;0
"19/11/2023";"09:50:00";"276";"ac03 - Aci";"53.3";"BR-364/GO";"Oeste";"Capotamento";0;0;0;0;0;0;0;0;0;1;3;0;0;0;0
"19/11/2023";"11:47:00";"299";"ac03 - Aci";"643.7";"BR-365/MG";"Leste";"Choque - Elemento de Drenagem";1;0;0;0;0;0;0;0;0;0;5;0;0;0;0
"19/11/2023";"11:51:00";"301";"ac04 - Aci";"768.3";"BR-365/MG";"Oeste";"Atropelamento de Animal";0;0;1;0;0;0;0;0;0;0;1;0;0;0;0
"20/11/2023";"03:26:00";"245";"ac03 - Aci";"690.03";"BR-365/MG";"Oeste";"Choque - Outros";1;0;0;0;0;0;0;0;0;0;2;0;0;0;0
"20/11/2023";"11:18:00";"335";"ac02 - Aci";"663";"BR-365/MG";"Leste";"Queda de Moto";0;0;0;1;0;0;0;0;0;0;1;1;0;0;0
"22/11/2023";"06:38:00";"300";"ac03 - Aci";"747.3";"BR-365/MG";"Oeste";"Colisão Transversal";1;0;0;1;0;0;0;0;0;0;0;0;0;0;0
"22/11/2023";"09:52:00";"330";"ac04 - Aci";"639";"BR-365/MG";"Oeste";"Choque - Outros";0;0;0;0;0;0;0;0;0;1;1;0;0;0;0
"23/11/2023";"06:03:00";"288";"ac02 - Aci";"632";"BR-365/MG";"Leste";"Queda de Moto";0;0;0;1;0;0;0;0;0;0;0;1;0;0;0
"23/11/2023";"09:26:00";"338";"ac03 - Aci";"805.1";"BR-365/MG";"Oeste";"Atropelamento de Animal";0;0;0;0;0;0;0;0;0;1;2;0;0;0;0
"24/11/2023";"05:34:00";"24";"ac03 - Aci";"667.99";"BR-365/MG";"Oeste";"Choque - Elemento de Drenagem";0;0;1;0;0;0;0;0;0;0;1;0;0;0;0
"24/11/2023";"11:10:00";"177";"ac03 - Aci";"701";"BR-365/MG";"Leste";"Choque - Outros";1;0;0;0;0;0;0;0;0;0;1;0;0;0;0
"25/11/2023";"12:24:00";"5";"ac01 - Aci";"685.21";"BR-365/MG";"Leste";"Engavetamento";0;0;2;0;0;0;0;0;0;1;2;0;1;0;1
"26/11/2023";"10:13:00";"101";"ac03 - Aci";"110";"BR-364/GO";"Leste";"Tombamento";0;0;1;0;0;0;0;0;0;0;1;0;0;0;0
"26/11/2023";"03:29:00";"165";"ac02 - Aci";"663";"BR-365/MG";"Oeste";"Choque - Arvore";1;0;0;0;0;0;0;0;0;0;1;1;0;0;0
"27/11/2023";"03:51:00";"23";"ac03 - Aci";"58.3";"BR-364/GO";"Leste";"Choque - Talude ou Barranco";0;0;0;0;0;0;0;0;0;1;0;0;0;0;0
"29/11/2023";"04:36:00";"275";"ac03 - Aci";"636.6";"BR-365/MG";"Leste";"Colisão Traseira";0;0;2;0;0;0;0;0;0;0;0;0;0;0;0
"29/11/2023";"05:31:00";"292";"ac03 - Aci";"628.25";"BR-365/MG";"Leste";"Choque - Elemento de Drenagem";0;0;0;0;0;0;0;0;0;1;2;0;0;0;0
"29/11/2023";"06:13:00";"298";"ac03 - Aci";"628.25";"BR-365/MG";"Leste";"Engavetamento";3;0;0;0;0;0;0;0;0;0;4;0;0;0;0
"01/12/2023";"01:55:00";"194";"ac03 - Aci";"691.6";"BR-365/MG";"Oeste";"Choque - Elemento de Drenagem";1;0;0;0;0;0;0;0;0;0;1;0;0;0;0
"02/12/2023";"01:13:00";"6";"ac03 - Aci";"855.2";"BR-365/MG";"Oeste";"Choque - Talude ou Barranco";0;0;0;0;0;0;0;0;0;1;2;0;0;0;0
"02/12/2023";"03:30:00";"243";"ac03 - Aci";"643.17";"BR-365/MG";"Oeste";"Choque - Elemento de Drenagem";1;0;0;0;0;0;0;0;0;0;1;0;0;0;0
"02/12/2023";"04:25:00";"264";"ac03 - Aci";"706.5";"BR-365/MG";"Oeste";"Colisão Traseira";2;0;0;0;0;0;0;0;0;0;6;0;0;0;0
"03/12/2023";"06:35:00";"45";"ac03 - Aci";"629.25";"BR-365/MG";"Leste";"Choque - Defensa metálica";1;0;0;0;0;0;0;0;0;0;1;0;0;0;0
"04/12/2023";"08:21:00";"96";"ac03 - Aci";"134.14";"BR-364/GO";"Oeste";"Choque - Outros";0;0;1;0;0;0;0;0;0;0;1;0;0;0;0
"04/12/2023";"05:55:00";"286";"ac02 - Aci";"829.3";"BR-365/MG";"Leste";"Colisão Traseira";0;0;1;0;0;0;0;0;0;1;1;0;1;0;0
"04/12/2023";"07:20:00";"306";"ac03 - Aci";"53.44";"BR-364/GO";"Oeste";"Choque - Outros";0;0;0;0;0;0;0;0;0;1;1;0;0;0;0
"05/12/2023";"10:56:00";"166";"ac03 - Aci";"8.5";"BR-364/GO";"Oeste";"Choque - Defensa metálica";1;0;0;0;0;0;0;0;0;0;1;0;0;0;0
"05/12/2023";"03:47:00";"246";"ac02 - Aci";"752.5";"BR-365/MG";"Oeste";"Queda de Moto";0;0;0;0;0;1;0;0;0;0;0;1;0;0;0
"05/12/2023";"06:57:00";"298";"ac03 - Aci";"626";"BR-365/MG";"Leste";"Choque - Elemento de Drenagem";1;0;0;0;0;0;0;0;0;0;4;0;0;0;0
"06/12/2023";"06:36:00";"27";"ac03 - Aci";"647.5";"BR-365/MG";"Oeste";"Colisão Traseira";1;0;1;0;0;0;0;0;0;0;4;0;0;0;0
"06/12/2023";"08:34:00";"344";"ac02 - Aci";"111";"BR-364/GO";"Oeste";"Colisão lateral no mesmo sentido";0;0;1;1;0;0;0;0;0;0;0;0;1;0;0
"07/12/2023";"12:04:00";"2";"ac03 - Aci";"642.83";"BR-365/MG";"Oeste";"Choque - Sinalização";0;0;0;0;0;0;0;0;0;1;1;0;0;0;0
"07/12/2023";"12:46:00";"263";"ac03 - Aci";"678.3";"BR-365/MG";"Leste";"Colisão Traseira";2;0;0;0;0;1;0;0;0;0;2;0;0;0;0
"07/12/2023";"08:53:00";"432";"ac03 - Aci";"20";"BR-364/GO";"Oeste";"Choque - Defensa metálica";1;0;0;0;0;0;0;0;0;0;0;0;0;0;0
"08/12/2023";"07:29:00";"73";"ac03 - Aci";"869.35";"BR-365/MG";"Leste";"Choque - Defensa metálica";0;0;0;0;0;0;0;0;0;1;0;0;0;0;0
"08/12/2023";"11:03:00";"173";"ac03 - Aci";"753";"BR-365/MG";"Oeste";"Colisão lateral no mesmo sentido";0;0;1;0;0;0;0;0;0;1;2;0;0;0;0
"08/12/2023";"12:46:00";"204";"ac02 - Aci";"662.1";"BR-365/MG";"Leste";"Capotamento";0;0;0;0;0;0;0;0;0;1;0;0;1;0;0
"08/12/2023";"04:36:00";"265";"ac03 - Aci";"643.2";"BR-365/MG";"Oeste";"Tombamento";0;0;1;0;0;1;0;0;0;0;1;0;0;0;0
"09/12/2023";"05:40:00";"33";"ac03 - Aci";"827.05";"BR-365/MG";"Leste";"Choque - Defensa metálica";0;0;0;0;0;0;0;0;0;1;1;0;0;0;0
"10/12/2023";"12:23:00";"4";"ac03 - Aci";"9.05";"BR-364/GO";"Leste";"Choque - Outros";1;0;0;0;0;0;0;0;0;0;1;0;0;0;0
"10/12/2023";"02:25:00";"12";"ac03 - Aci";"751";"BR-365/MG";"Leste";"Choque - Sinalização";1;0;0;0;0;0;0;0;0;0;0;0;0;0;0
"10/12/2023";"12:40:00";"140";"ac03 - Aci";"798";"BR-365/MG";"Oeste";"Choque - Talude ou Barranco";1;0;0;0;0;0;0;0;0;0;1;0;0;0;0
"10/12/2023";"07:09:00";"275";"ac03 - Aci";"637";"BR-365/MG";"Leste";"Colisão lateral no mesmo sentido";1;0;0;1;0;0;0;0;0;0;4;0;0;0;0
"10/12/2023";"08:32:00";"295";"ac03 - Aci";"656.74";"BR-365/MG";"Leste";"Choque - Outros";1;0;0;0;0;0;0;0;0;0;2;0;0;0;0
"11/12/2023";"05:48:00";"330";"ac02 - Aci";"60";"BR-364/GO";"Oeste";"Atropelamento - Pedestre";1;0;0;0;0;0;0;0;0;0;1;0;1;0;0
"12/12/2023";"01:21:00";"212";"ac03 - Aci";"167";"BR-364/GO";"Leste";"Capotamento";1;0;0;0;0;0;0;0;0;0;4;0;0;0;0
"13/12/2023";"01:48:00";"232";"ac02 - Aci";"57";"BR-364/GO";"Oeste";"Colisão Transversal";0;0;1;1;0;0;0;0;0;0;1;1;0;0;0
"13/12/2023";"02:21:00";"241";"ac03 - Aci";"630.85";"BR-365/MG";"Oeste";"Capotamento";1;0;0;0;0;0;0;0;0;0;2;0;0;0;0
"13/12/2023";"10:44:00";"395";"ac02 - Aci";"639.25";"BR-365/MG";"Leste";"Colisão Traseira";0;0;0;1;0;1;0;0;0;0;0;0;0;2;0
"14/12/2023";"12:02:00";"1";"ac02 - Aci";"651.13";"BR-365/MG";"Leste";"Colisão Traseira";0;0;2;0;0;0;0;0;0;0;1;0;0;1;0
"14/12/2023";"11:28:00";"187";"ac03 - Aci";"32.3";"BR-364/GO";"Leste";"Objeto lançado contra veículo";1;0;0;0;0;0;0;0;0;0;1;0;0;0;0