data;horario;n_da_ocorrencia;tipo_de_ocorrencia;km;trecho;sentido;tipo_de_acidente;automovel;bicicleta;caminhao;moto;onibus;outros;tracao_animal;transporte_de_cargas_especiais;trator_maquinas;utilitarios;ilesos;levemente_feridos;moderadamente_feridos;gravemente_feridos;mortos
"15/12/2023";"01:03:00";"255";"ac03 - Aci";"709";"BR-365/MG";"Leste";"Choque - Veiculo parado no acostamento";0;0;1;0;0;1;0;0;0;0;1;0;0;0;0
"16/12/2023";"06:35:00";"52";"ac03 - Aci";"703";"BR-365/MG";"Oeste";"Colisão Traseira";1;0;1;0;0;0;0;0;0;0;5;0;0;0;0
"16/12/2023";"10:07:00";"149";"ac03 - Aci";"706.5";"BR-365/MG";"Oeste";"Colisão Traseira";1;0;1;0;0;0;0;0;0;0;3;0;0;0;0
"16/12/2023";"10:37:00";"163";"ac03 - Aci";"645.5";"BR-365/MG";"Leste";"Colisão Traseira";1;0;0;0;0;1;0;0;0;0;1;0;0;0;0
"17/12/2023";"08:10:00";"62";"ac02 - Aci";"0.5";"BR-364/GO";"Oeste";"Colisão Traseira";1;0;0;0;0;0;0;0;0;1;2;2;0;0;0
"18/12/2023";"03:16:00";"297";"ac03 - Aci";"756";"BR-365/MG";"Oeste";"Choque - Sinalização";0;0;0;0;0;0;0;0;0;1;1;0;0;0;0
"19/12/2023";"08:51:00";"159";"ac03 - Aci";"736.05";"BR-365/MG";"Leste";"Colisão Traseira";1;0;1;0;0;0;0;0;0;0;3;0;0;0;0
"19/12/2023";"09:29:00";"178";"ac03 - Aci";"765.98";"BR-365/MG";"Leste";"Choque - Outros";0;0;1;0;0;0;0;0;0;0;0;0;0;0;0
"19/12/2023";"11:04:00";"457";"ac04 - Aci";"832.7";"BR-365/MG";"Leste";"Capotamento";0;0;0;0;0;0;0;0;0;1;0;0;1;0;0
"20/12/2023";"08:41:00";"358";"ac03 - Aci";"794.5";"BR-365/MG";"Oeste";"Atropelamento de Animal";1;0;0;0;0;0;0;0;0;0;2;0;0;0;0
"20/12/2023";"09:23:00";"364";"ac02 - Aci";"703.75";"BR-365/MG";"Oeste";"Colisão Traseira";1;0;0;0;0;0;0;0;0;1;3;2;0;0;0
"20/12/2023";"09:40:00";"367";"ac03 - Aci";"764.9";"BR-365/MG";"Leste";"Atropelamento de Animal";0;0;1;0;0;0;0;0;0;0;1;0;0;0;0
"21/12/2023";"03:04:00";"28";"ac02 - Aci";"705.18";"BR-365/MG";"Oeste";"Colisão Traseira";0;0;0;0;1;1;0;0;0;0;16;5;1;2;0
"21/12/2023";"06:24:00";"333";"ac03 - Aci";"749.25";"BR-365/MG";"Oeste";"Tombamento";0;0;1;0;0;0;0;0;0;0;1;0;0;0;0
"21/12/2023";"09:40:00";"379";"ac02 - Aci";"821.42";"BR-365/MG";"Oeste";"Atropelamento de Animal";1;0;0;0;0;0;0;0;0;0;4;1;0;0;0
"21/12/2023";"11:23:00";"395";"ac03 - Aci";"681.5";"BR-365/MG";"Oeste";"Colisão lateral no mesmo sentido";1;0;0;0;0;1;0;0;0;0;1;0;0;0;0
"22/12/2023";"09:38:00";"157";"ac02 - Aci";"664.87";"BR-365/MG";"Oeste";"Choque - Defensa metálica";1;0;0;0;0;0;0;0;0;0;0;0;1;0;0
"22/12/2023";"04:02:00";"322";"ac03 - Aci";"704.35";"BR-365/MG";"Leste";"Colisão Traseira";1;0;0;0;0;0;0;0;0;1;4;0;0;0;0
"23/12/2023";"07:42:00";"89";"ac03 - Aci";"42.9";"BR-364/GO";"Oeste";"Capotamento";1;0;0;0;0;0;0;0;0;0;3;0;0;0;0
"23/12/2023";"02:27:00";"279";"ac03 - Aci";"670.23";"BR-365/MG";"Oeste";"Choque - Defensa metálica";1;0;0;0;0;0;0;0;0;0;1;0;0;0;0
"23/12/2023";"02:36:00";"282";"ac02 - Aci";"635.1";"BR-365/MG";"Oeste";"Colisão Traseira";1;0;1;0;0;0;0;0;0;0;3;0;0;1;0
"23/12/2023";"07:18:00";"370";"ac03 - Aci";"729.8";"BR-365/MG";"Oeste";"Choque - Defensa metálica";0;0;1;0;0;0;0;0;0;0;1;0;0;0;0
"24/12/2023";"03:46:00";"165";"ac02 - Aci";"155.41";"BR-364/GO";"Leste";"Queda de Moto";0;0;0;1;0;0;0;0;0;0;0;1;0;0;0
"26/12/2023";"05:41:00";"294";"ac04 - Aci";"835.95";"BR-365/MG";"Leste";"Choque - Outros";0;0;0;0;0;0;0;0;0;0;0;1;0;0;0
"27/12/2023";"06:57:00";"60";"ac02 - Aci";"103.852";"BR-364/GO";"Leste";"Queda de Moto";0;0;0;1;0;0;0;0;0;0;0;1;0;0;0
"27/12/2023";"09:22:00";"364";"ac03 - Aci";"56.5";"BR-364/GO";"Leste";"Atropelamento de Animal";0;0;1;0;0;0;0;0;0;0;1;0;0;0;0
"28/12/2023";"02:37:00";"234";"ac02 - Aci";"670.1";"BR-365/MG";"Oeste";"Choque - Elemento de Drenagem";1;0;0;0;0;0;0;0;0;0;0;0;1;0;0
"28/12/2023";"04:37:00";"272";"ac03 - Aci";"76.1";"BR-364/GO";"Leste";"Engavetamento";2;0;0;0;0;0;0;0;0;1;7;0;0;0;0
"29/12/2023";"10:05:00";"370";"ac03 - Aci";"675.48";"BR-365/MG";"Oeste";"Choque - Veiculo parado no acostamento";1;0;1;0;0;0;0;0;0;0;6;0;0;0;0
"29/12/2023";"10:27:00";"373";"ac03 - Aci";"816.87";"BR-365/MG";"Oeste";"Choque - Talude ou Barranco";1;0;0;0;0;0;0;0;0;0;1;0;0;0;0
"30/12/2023";"10:26:00";"145";"ac03 - Aci";"645.6";"BR-365/MG";"Leste";"Colisão Traseira";1;0;0;0;0;1;0;0;0;0;3;0;0;0;0
"31/12/2023";"09:22:00";"197";"ac03 - Aci";"657.8";"BR-365/MG";"Leste";"Choque - Meio fio";1;0;0;0;0;0;0;0;0;0;1;0;0;0;0
"01/01/2024";"02:53:00";"35";"Sem vítima";"627,200";"BR-365/MG";"Decrescente";"Choque";0;0;0;0;0;0;0;0;0;0;1;0;0;0;0
"01/01/2024";"05:18:00";"65";"Sem vítima";"626,300";"BR-365/MG";"Crescente";"Choque";0;0;0;0;0;0;0;0;0;0;2;0;0;0;0
"01/01/2024";"12:22:00";"144";"Sem vítima";"706,500";"BR-365/MG";"Crescente";"Acidentes de outra natureza";0;0;0;0;0;0;0;0;0;0;2;0;0;0;0
"01/01/2024";"01:22:00";"163";"Com vítima";"167,000";"BR-364/MG";"Decrescente";"Capotamento";0;0;0;0;0;0;0;0;0;0;1;1;2;0;0
"02/01/2024";"12:51:00";"13";"Com vítima";"74,730";"BR-364/MG";"Decrescente";"Atropelamento de animal";0;0;0;0;0;0;0;0;0;0;0;1;0;0;0
"02/01/2024";"10:59:00";"218";"Sem vítima";"635,750";"BR-365/MG";"Decrescente";"Tombamento";0;0;0;0;0;0;0;0;0;0;2;0;0;0;0
"03/01/2024";"11:41:00";"201";"Sem vítima";"794,000";"BR-365/MG";"Decrescente";"Atropelamento de animal";0;0;0;0;0;0;0;0;0;0;2;0;0;0;0
"03/01/2024";"02:18:00";"247";"Sem vítima";"59,000";"BR-364/MG";"Crescente";"Colisão lateral no mesmo sentido";0;0;0;0;0;0;0;0;0;0;4;0;0;0;0
"04/01/2024";"01:37:00";"24";"Sem vítima";"641,400";"BR-365/MG";"Crescente";"Choque";0;0;0;0;0;0;0;0;0;0;3;0;0;0;0
"04/01/2024";"04:52:00";"81";"Com vítima";"633,500";"BR-365/MG";"Crescente";"Choque";0;0;0;0;0;0;0;0;0;0;0;1;1;0;0
"04/01/2024";"01:28:00";"285";"Com vítima";"692,770";"BR-365/MG";"Crescente";"Colisão transversal";0;0;0;0;0;0;0;0;0;0;4;0;1;0;0
"05/01/2024";"10:55:00";"17";"Com vítima";"745,000";"BR-365/MG";"Decrescente";"Choque";0;0;0;0;0;0;0;0;0;0;0;1;0;0;0
"06/01/2024";"02:44:00";"37";"Com vítima";"56,840";"BR-364/MG";"Decrescente";"Choque";0;0;0;0;0;0;0;0;0;0;0;1;0;0;0
"06/01/2024";"07:38:00";"156";"Sem vítima";"766,250";"BR-365/MG";"Decrescente";"Tombamento";0;0;0;0;0;0;0;0;0;0;2;0;0;0;0
"06/01/2024";"10:27:00";"196";"Sem vítima";"149,000";"BR-364/MG";"Decrescente";"Choque";0;0;0;0;0;0;0;0;0;0;2;0;0;0;0
"06/01/2024";"12:04:00";"227";"Sem vítima";"745,000";"BR-365/MG";"Crescente";"Choque";0;0;0;0;0;0;0;0;0;0;2;0;0;0;0
"06/01/2024";"01:49:00";"270";"Sem vítima";"626,540";"BR-365/MG";"Crescente";"Choque";0;0;0;0;0;0;0;0;0;0;3;0;0;0;0
"06/01/2024";"02:38:00";"285";"Com vítima";"626,300";"BR-365/MG";"Decrescente";"Capotamento";0;0;0;0;0;0;0;0;0;0;0;1;0;0;0
"06/01/2024";"03:53:00";"302";"Com vítima";"113,810";"BR-364/MG";"Decrescente";"Colisão traseira";0;0;0;0;0;0;0;0;0;0;1;0;0;0;0
"07/01/2024";"02:23:00";"242";"Sem vítima";"821,900";"BR-365/MG";"Decrescente";"Colisão traseira";0;0;0;0;0;0;0;0;0;0;5;0;0;0;0
"07/01/2024";"09:03:00";"2";"Sem vítima";"638,000";"BR-365/MG";"Decrescente";"Choque";0;0;0;0;0;0;0;0;0;0;1;0;0;0;0
"08/01/2024";"11:07:00";"197";"Sem vítima";"736,320";"BR-365/MG";"Crescente";"Choque";0;0;0;0;0;0;0;0;0;0;1;0;0;0;0
"12/01/2024";"03:29:00";"44";"Com vítima";"798,000";"BR-365/MG";"Decrescente";"Atropelamento de animal";0;0;0;0;0;0;0;0;0;0;2;0;0;0;0
"12/01/2024";"08:26:00";"214";"Sem vítima";"714,510";"BR-365/MG";"Crescente";"Colisão traseira";0;0;0;0;0;0;0;0;0;0;2;0;0;0;0
"12/01/2024";"11:27:00";"265";"Sem vítima";"23,400";"BR-364/MG";"Decrescente";"Choque";0;0;0;0;0;0;0;0;0;0;3;0;0;0;0
"13/01/2024";"03:36:00";"41";"Com vítima";"696,070";"BR-365/MG";"Crescente";"Queda de moto";0;0;0;0;0;0;0;0;0;0;0;1;0;0;0
"13/01/2024";"05:04:00";"75";"Sem vítima";"670,200";"BR-365/MG";"Crescente";"Choque";0;0;0;0;0;0;0;0;0;0;2;0;0;0;0
"14/01/2024";"01:15:00";"20";"Sem vítima";"113,000";"BR-364/MG";"Crescente";"Choque";0;0;0;0;0;0;0;0;0;0;3;0;0;0;0
"14/01/2024";"10:05:00";"136";"Com vítima";"651,900";"BR-365/MG";"Decrescente";"Choque";0;0;0;0;0;0;0;0;0;0;1;0;1;0;0
"14/01/2024";"12:45:00";"178";"Sem vítima";"73,430";"BR-364/MG";"Crescente";"Choque";0;0;0;0;0;0;0;0;0;0;3;0;0;0;0
"15/01/2024";"05:16:00";"92";"Sem vítima";"719,700";"BR-365/MG";"Decrescente";"Choque";0;0;0;0;0;0;0;0;0;0;1;0;0;0;0
"17/01/2024";"04:27:00";"71";"Sem vítima";"661,000";"BR-365/MG";"Decrescente";"Choque";0;0;0;0;0;0;0;0;0;0;1;0;0;0;0
"18/01/2024";"09:30:00";"206";"Sem vítima";"680,510";"BR-365/MG";"Decrescente";"Choque";0;0;0;0;0;0;0;0;0;0;1;0;0;0;0
"18/01/2024";"12:02:00";"254";"Sem vítima";"661,400";"BR-365/MG";"Decrescente";"Tombamento";0;0;0;0;0;0;0;0;0;0;2;0;0;0;0
"18/01/2024";"04:04:00";"340";"Sem vítima";"703,800";"BR-365/MG";"Crescente";"Colisão traseira";0;0;0;0;0;0;0;0;0;0;2;0;0;0;0
"19/01/2024";"04:01:00";"387";"Sem vítima";"635,059";"BR-365/MG";"Decrescente";"Choque";0;0;0;0;0;0;0;0;0;0;1;0;0;0;0
"19/01/2024";"09:14:00";"4";"Com vítima";"106,000";"BR-364/MG";"Decrescente";"Atropelamento de animal";0;0;0;0;0;0;0;0;0;0;1;0;0;0;0
"20/01/2024";"01:57:00";"273";"Sem vítima";"728,000";"BR-365/MG";"Decrescente";"Choque";0;0;0;0;0;0;0;0;0;0;3;0;0;0;0
"20/01/2024";"05:17:00";"328";"Sem vítima";"666,010";"BR-365/MG";"Decrescente";"Choque";0;0;0;0;0;0;0;0;0;0;1;0;0;0;0
"23/01/2024";"03:44:00";"34";"Sem vítima";"675,200";"BR-365/MG";"Crescente";"Choque";0;0;0;0;0;0;0;0;0;0;1;0;0;0;0
"24/01/2024";"07:23:00";"164";"Sem vítima";"809,300";"BR-365/MG";"Decrescente";"Tombamento";0;0;0;0;0;0;0;0;0;0;3;0;0;0;0
"25/01/2024";"02:20:00";"38";"Com vítima";"73,300";"BR-364/MG";"Crescente";"Colisão traseira";0;0;0;0;0;0;0;0;0;0;19;0;1;0;0
"27/01/2024";"04:38:00";"303";"Com vítima";"647,000";"BR-365/MG";"Crescente";"Capotamento";0;0;0;0;0;0;0;0;0;0;1;0;0;0;0
"27/01/2024";"07:35:00";"339";"Com vítima";"48,080";"BR-364/MG";"Crescente";"Colisão frontal";0;0;0;0;0;0;0;0;0;0;1;1;0;1;1
"28/01/2024";"12:33:00";"21";"Com vítima";"836,710";"BR-365/MG";"Crescente";"Capotamento";0;0;0;0;0;0;0;0;0;0;0;1;1;0;0
"28/01/2024";"03:14:00";"38";"Sem vítima";"756,500";"BR-365/MG";"Decrescente";"Choque";0;0;0;0;0;0;0;0;0;0;4;0;0;0;0
"28/01/2024";"03:33:00";"42";"Sem vítima";"10,770";"BR-364/MG";"Decrescente";"Choque";0;0;0;0;0;0;0;0;0;0;1;0;0;0;0
"28/01/2024";"12:02:00";"178";"Com vítima";"109,500";"BR-364/MG";"Crescente";"Queda de moto";0;0;0;0;0;0;0;0;0;0;0;0;1;0;0
"28/01/2024";"05:02:00";"259";"Com vítima";"761,400";"BR-365/MG";"Decrescente";"Colisão traseira";0;0;0;0;0;0;0;0;0;0;2;4;0;0;0
"28/01/2024";"07:40:00";"288";"Com vítima";"761,240";"BR-365/MG";"Decrescente";"Choque";0;0;0;0;0;0;0;0;0;0;2;1;0;0;0
"29/01/2024";"03:32:00";"45";"Sem vítima";"667,700";"BR-365/MG";"Decrescente";"Choque";0;0;0;0;0;0;0;0;0;0;2;0;0;0;0
"29/01/2024";"10:14:00";"226";"Sem vítima";"93,120";"BR-364/MG";"Crescente";"Choque";0;0;0;0;0;0;0;0;0;0;1;0;0;0;0
"30/01/2024";"08:46:00";"174";"Com vítima";"112,850";"BR-364/MG";"Decrescente";"Tombamento";0;0;0;0;0;0;0;0;0;0;0;1;0;0;0
"30/01/2024";"10:04:00";"195";"Com vítima";"670,000";"BR-365/MG";"Decrescente";"Capotamento";0;0;0;0;0;0;0;0;0;0;0;0;2;0;0
"30/01/2024";"02:35:00";"260";"Com vítima";"685,000";"BR-365/MG";"Crescente";"Colisão traseira";0;0;0;0;0;0;0;0;0;0;2;0;1;0;0
"31/01/2024";"06:25:00";"138";"Com vítima";"703,800";"BR-365/MG";"Crescente";"Colisão traseira";0;0;0;0;0;0;0;0;0;0;2;1;0;0;0
"02/02/2024";"07:22:00";"167";"Sem vítima";"755,000";"BR-365/MG";"Crescente";"Choque";0;0;0;0;0;0;0;0;0;0;1;0;0;0;0
"03/02/2024";"05:16:00";"101";"Com vítima";"672,000";"BR-365/MG";"Crescente";"Queda de bicicleta";0;0;0;0;0;0;0;0;0;0;0;0;0;0;0
"03/02/2024";"07:07:00";"342";"Sem vítima";"688,000";"BR-365/MG";"Decrescente";"Colisão lateral no mesmo sentido";0;0;0;0;0;0;0;0;0;0;3;0;0;0;0
"04/02/2024";"02:44:00";"237";"Sem vítima";"706,500";"BR-365/MG";"Decrescente";"Choque";0;0;0;0;0;0;0;0;0;0;1;0;0;0;0
"05/02/2024";"03:04:00";"315";"Com vítima";"676,330";"BR-365/MG";"Decrescente";"Choque";0;0;0;0;0;0;0;0;0;0;4;0;0;1;0
"05/02/2024";"06:42:00";"370";"Sem vítima";"810,240";"BR-365/MG";"Decrescente";"Choque";0;0;0;0;0;0;0;0;0;0;1;0;0;0;0
"06/02/2024";"10:17:00";"210";"Sem vítima";"710,000";"BR-365/MG";"Crescente";"Colisão transversal";0;0;0;0;0;0;0;0;0;0;2;0;0;0;0
"06/02/2024";"10:22:00";"211";"Sem vítima";"77,900";"BR-364/MG";"Decrescente";"Choque";0;0;0;0;0;0;0;0;0;0;1;0;0;0;0
"08/02/2024";"07:37:00";"194";"Sem vítima";"656,000";"BR-365/MG";"Decrescente";"Colisão traseira";0;0;0;0;0;0;0;0;0;0;13;0;0;0;0
"08/02/2024";"11:42:00";"270";"Com vítima";"179,650";"BR-364/MG";"Crescente";"Capotamento";0;0;0;0;0;0;0;0;0;0;1;2;0;0;0
"09/02/2024";"06:08:00";"173";"Sem vítima";"636,240";"BR-365/MG";"Decrescente";"Choque";0;0;0;0;0;0;0;0;0;0;1;0;0;0;0
"09/02/2024";"12:25:00";"316";"Com vítima";"695,900";"BR-365/MG";"Crescente";"Colisão lateral no mesmo sentido";0;0;0;0;0;0;0;0;0;0;4;1;0;0;0
"11/02/2024";"01:02:00";"25";"Com vítima";"731,100";"BR-365/MG";"Decrescente";"Atropelamento de animal";0;0;0;0;0;0;0;0;0;0;0;1;0;0;0
"12/02/2024";"02:15:00";"310";"Com vítima";"627,330";"BR-365/MG";"Decrescente";"Queda de moto";0;0;0;0;0;0;0;0;0;0;0;2;0;0;0
"12/02/2024";"06:29:00";"390";"Sem vítima";"838,480";"BR-365/MG";"Crescente";"Atropelamento de animal";0;0;0;0;0;0;0;0;0;0;4;0;0;0;0
"13/02/2024";"09:53:00";"242";"Sem vítima";"628,400";"BR-365/MG";"Decrescente";"Choque";0;0;0;0;0;0;0;0;0;0;1;0;0;0;0
"13/02/2024";"10:57:00";"259";"Sem vítima";"32,950";"BR-364/MG";"Crescente";"Colisão traseira";0;0;0;0;0;0;0;0;0;0;4;0;0;0;0
"14/02/2024";"03:57:00";"90";"Com vítima";"664,950";"BR-365/MG";"Crescente";"Choque";0;0;0;0;0;0;0;0;0;0;0;1;0;0;0
"14/02/2024";"02:40:00";"336";"Com vítima";"657,300";"BR-365/MG";"Crescente";"Choque";0;0;0;0;0;0;0;0;0;0;0;0;2;0;1
"15/02/2024";"08:16:00";"187";"Sem vítima";"864,800";"BR-365/MG";"Crescente";"Colisão lateral em sentido contrário";0;0;0;0;0;0;0;0;0;0;2;0;0;0;0
"16/02/2024";"06:49:00";"408";"Sem vítima";"744,500";"BR-365/MG";"Crescente";"Choque";0;0;0;0;0;0;0;0;0;0;5;0;0;0;0
"17/02/2024";"12:45:00";"33";"Sem vítima";"700,140";"BR-365/MG";"Crescente";"Choque";0;0;0;0;0;0;0;0;0;0;1;0;0;0;0
"17/02/2024";"01:16:00";"276";"Sem vítima";"636,000";"BR-365/MG";"Crescente";"Choque";0;0;0;0;0;0;0;0;0;0;1;0;0;0;0
"17/02/2024";"02:48:00";"307";"Sem vítima";"99,340";"BR-364/MG";"Crescente";"Choque";0;0;0;0;0;0;0;0;0;0;1;0;0;0;0
"17/02/2024";"07:16:00";"365";"Com vítima";"756,800";"BR-365/MG";"Decrescente";"Tombamento";0;0;0;0;0;0;0;0;0;0;4;2;0;0;0
"18/02/2024";"04:48:00";"60";"Com vítima";"121,000";"BR-364/MG";"Decrescente";"Queda de bicicleta";0;0;0;0;0;0;0;0;0;0;0;0;0;0;0
"18/02/2024";"05:11:00";"67";"Sem vítima";"834,500";"BR-365/MG";"Crescente";"Choque";0;0;0;0;0;0;0;0;0;0;1;0;0;0;0
"18/02/2024";"02:36:00";"184";"Sem vítima";"645,500";"BR-365/MG";"Decrescente";"Colisão traseira";0;0;0;0;0;0;0;0;0;0;3;0;0;0;0
"19/02/2024";"10:32:00";"203";"Sem vítima";"637,500";"BR-365/MG";"Decrescente";"Colisão transversal";0;0;0;0;0;0;0;0;0;0;3;0;0;0;0
"19/02/2024";"01:58:00";"262";"Sem vítima";"749,000";"BR-365/MG";"Crescente";"Colisão traseira";0;0;0;0;0;0;0;0;0;0;2;0;0;0;0
"21/02/2024";"10:28:00";"249";"Sem vítima";"638,000";"BR-365/MG";"Decrescente";"Colisão traseira";0;0;0;0;0;0;0;0;0;0;2;0;0;0;0
"21/02/2024";"12:01:00";"289";"Com vítima";"685,500";"BR-365/MG";"Decrescente";"Colisão traseira";0;0;0;0;0;0;0;0;0;0;0;2;0;0;0
"21/02/2024";"02:37:00";"344";"Sem vítima";"633,360";"BR-365/MG";"Crescente";"Colisão lateral em sentido contrário";0;0;0;0;0;0;0;0;0;0;3;0;0;0;0
"21/02/2024";"06:19:00";"385";"Com vítima";"635,400";"BR-365/MG";"Decrescente";"Colisão traseira";0;0;0;0;0;0;0;0;0;0;1;1;0;0;0
"23/02/2024";"03:55:00";"51";"Com vítima";"694,000";"BR-365/MG";"Crescente";"Colisão traseira";0;0;0;0;0;0;0;0;0;0;1;2;0;0;0
"24/02/2024";"12:38:00";"275";"Sem vítima";"860,000";"BR-365/MG";"Crescente";"Tombamento";0;0;0;0;0;0;0;0;0;0;2;0;0;0;0
"25/02/2024";"06:42:00";"339";"Sem vítima";"110,200";"BR-364/MG";"Decrescente";"Atropelamento de animal";0;0;0;0;0;0;0;0;0;0;4;0;0;0;0
"25/02/2024";"07:14:00";"351";"Sem vítima";"101,400";"BR-364/MG";"Decrescente";"Atropelamento de animal";0;0;0;0;0;0;0;0;0;0;1;0;0;0;0
"27/02/2024";"06:29:00";"148";"Com vítima";"22,000";"BR-364/MG";"Crescente";"Colisão transversal";0;0;0;0;0;0;0;0;0;0;1;1;0;0;0
"27/02/2024";"11:33:00";"257";"Sem vítima";"5,500";"BR-364/MG";"Decrescente";"Choque";0;0;0;0;0;0;0;0;0;0;3;0;0;0;0
"29/02/2024";"01:05:00";"360";"Sem vítima";"99,400";"BR-364/MG";"Decrescente";"Colisão traseira";0;0;0;0;0;0;0;0;0;0;3;0;0;0;0
"29/02/2024";"01:18:00";"366";"Sem vítima";"637,700";"BR-365/MG";"Decrescente";"Acidentes de outra natureza";0;0;0;0;0;0;0;0;0;0;1;0;0;0;0
"01/03/2024";"05:40:00";"131";"Sem vítima";"17,230";"BR-364/MG";"Decrescente";"Queda de moto";0;0;0;0;0;0;0;0;0;0;1;0;0;0;0
"01/03/2024";"07:38:00";"181";"Com vítima";"787,800";"BR-365/MG";"Crescente";"Queda de bicicleta";0;0;0;0;0;0;0;0;0;0;0;0;0;0;0
"01/03/2024";"04:48:00";"365";"Sem vítima";"700,000";"BR-365/MG";"Decrescente";"Capotamento";0;0;0;0;0;0;0;0;0;0;4;0;0;0;0
"02/03/2024";"07:39:00";"150";"Com vítima";"724,090";"BR-365/MG";"Crescente";"Colisão lateral em sentido contrário";0;0;0;0;0;0;0;0;0;0;4;1;0;0;0
"02/03/2024";"05:36:00";"298";"Com vítima";"657,000";"BR-365/MG";"Decrescente";"Capotamento";0;0;0;0;0;0;0;0;0;0;0;1;0;0;0
"03/03/2024";"05:59:00";"106";"Sem vítima";"645,600";"BR-365/MG";"Decrescente";"Colisão traseira";0;0;0;0;0;0;0;0;0;0;4;0;0;0;0
"04/03/2024";"04:57:00";"117";"Sem vítima";"806,990";"BR-365/MG";"Decrescente";"Choque";0;0;0;0;0;0;0;0;0;0;1;0;0;0;0
"04/03/2024";"08:01:00";"214";"Sem vítima";"685,480";"BR-365/MG";"Decrescente";"Colisão traseira";0;0;0;0;0;0;0;0;0;0;2;0;0;0;0
"04/03/2024";"06:56:00";"401";"Sem vítima";"120,000";"BR-364/MG";"Decrescente";"Choque";0;0;0;0;0;0;0;0;0;0;1;0;0;0;0
"07/03/2024";"12:02:00";"268";"Sem vítima";"643,130";"BR-365/MG";"Decrescente";"Capotamento";0;0;0;0;0;0;0;0;0;0;1;0;0;0;0
"09/03/2024";"02:12:00";"44";"Com vítima";"823,650";"BR-365/MG";"Decrescente";"Queda de moto";0;0;0;0;0;0;0;0;0;0;0;0;0;1;0
"09/03/2024";"04:36:00";"254";"Com vítima";"730,620";"BR-365/MG";"Crescente";"Colisão lateral em sentido contrário";0;0;0;0;0;0;0;0;0;0;4;1;0;0;0
"09/03/2024";"07:04:00";"288";"Sem vítima";"831,800";"BR-365/MG";"Crescente";"Choque";0;0;0;0;0;0;0;0;0;0;1;0;0;0;0
"09/03/2024";"08:06:00";"300";"Sem vítima";"642,600";"BR-365/MG";"Crescente";"Tombamento";0;0;0;0;0;0;0;0;0;0;1;0;0;0;0
"09/03/2024";"08:26:00";"304";"Com vítima";"634,000";"BR-365/MG";"Decrescente";"Colisão traseira";0;0;0;0;0;0;0;0;0;0;1;1;0;0;0
"09/03/2024";"09:51:00";"3";"Sem vítima";"849,140";"BR-365/MG";"Decrescente";"Choque";0;0;0;0;0;0;0;0;0;0;2;0;0;0;0
"09/03/2024";"11:58:00";"9";"Com vítima";"648,420";"BR-365/MG";"Decrescente";"Atropelamento de pedestre";0;0;0;0;0;0;0;0;0;0;4;0;0;0;0
"10/03/2024";"12:35:00";"12";"Sem vítima";"823,680";"BR-365/MG";"Crescente";"Choque";0;0;0;0;0;0;0;0;0;0;3;0;0;0;0
"10/03/2024";"06:21:00";"58";"Com vítima";"21,300";"BR-364/MG";"Decrescente";"Choque";0;0;0;0;0;0;0;0;0;0;1;0;0;0;0
"11/03/2024";"12:11:00";"288";"Com vítima";"154,000";"BR-364/MG";"Decrescente";"Tombamento";0;0;0;0;0;0;0;0;0;0;0;0;0;1;0
"12/03/2024";"02:19:00";"33";"Sem vítima";"707,000";"BR-365/MG";"Crescente";"Choque";0;0;0;0;0;0;0;0;0;0;1;0;0;0;0
"12/03/2024";"01:32:00";"306";"Sem vítima";"680,330";"BR-365/MG";"Crescente";"Tombamento";0;0;0;0;0;0;0;0;0;0;1;0;0;0;0
"12/03/2024";"03:56:00";"345";"Sem vítima";"662,380";"BR-365/MG";"Crescente";"Acidentes de outra natureza";0;0;0;0;0;0;0;0;0;0;2;0;0;0;0
"12/03/2024";"05:48:00";"368";"Sem vítima";"160,000";"BR-364/MG";"Crescente";"Choque";0;0;0;0;0;0;0;0;0;0;1;0;0;0;0
"12/03/2024";"06:13:00";"374";"Com vítima";"818,000";"BR-365/MG";"Decrescente";"Choque";0;0;0;0;0;0;0;0;0;0;0;1;0;0;0
"12/03/2024";"08:57:00";"403";"Sem vítima";"1,200";"BR-364/MG";"Decrescente";"Choque";0;0;0;0;0;0;0;0;0;0;1;0;0;0;0
"12/03/2024";"10:26:00";"14";"Com vítima";"780,770";"BR-365/MG";"Crescente";"Colisão lateral em sentido contrário";0;0;0;0;0;0;0;0;0;0;1;1;0;1;0
"15/03/2024";"02:59:00";"25";"Sem vítima";"645,500";"BR-365/MG";"Crescente";"Choque";0;0;0;0;0;0;0;0;0;0;1;0;0;0;0