data;horario;n_da_ocorrencia;tipo_de_ocorrencia;km;trecho;sentido;tipo_de_acidente;automovel;bicicleta;caminhao;moto;onibus;outros;tracao_animal;transporte_de_cargas_especiais;trator_maquinas;utilitarios;ilesos;levemente_feridos;moderadamente_feridos;gravemente_feridos;mortos
"16/03/2024";"07:06:00";"154";"Sem vítima";"835,950";"BR-365/MG";"Decrescente";"Colisão traseira";0;0;0;0;0;0;0;0;0;0;2;0;0;0;0
"16/03/2024";"08:16:00";"176";"Sem vítima";"633,000";"BR-365/MG";"Decrescente";"Colisão traseira";0;0;0;0;0;0;0;0;0;0;2;0;0;0;0
"16/03/2024";"11:12:00";"220";"Sem vítima";"755,000";"BR-365/MG";"Crescente";"Colisão traseira";0;0;0;0;0;0;0;0;0;0;4;0;0;0;0
"17/03/2024";"01:03:00";"221";"Sem vítima";"681,340";"BR-365/MG";"Crescente";"Capotamento";0;0;0;0;0;0;0;0;0;0;2;0;0;0;0
"17/03/2024";"04:30:00";"285";"Com vítima";"644,000";"BR-365/MG";"Crescente";"Choque";0;0;0;0;0;0;0;0;0;0;2;1;0;0;0
"18/03/2024";"05:37:00";"345";"Sem vítima";"773,500";"BR-365/MG";"Decrescente";"Atropelamento de animal";0;0;0;0;0;0;0;0;0;0;1;0;0;0;0
"18/03/2024";"10:12:00";"10";"Com vítima";"771,045";"BR-365/MG";"Decrescente";"Choque";0;0;0;0;0;0;0;0;0;0;0;0;1;0;0
"19/03/2024";"11:27:00";"257";"Sem vítima";"112,200";"BR-364/MG";"Crescente";"Engavetamento";0;0;0;0;0;0;0;0;0;0;3;0;0;0;0
"19/03/2024";"05:39:00";"386";"Sem vítima";"756,200";"BR-365/MG";"Decrescente";"Choque";0;0;0;0;0;0;0;0;0;0;2;0;0;0;0
"19/03/2024";"09:43:00";"8";"Sem vítima";"823,000";"BR-365/MG";"Crescente";"Choque";0;0;0;0;0;0;0;0;0;0;1;0;0;0;0
"20/03/2024";"11:12:00";"12";"Com vítima";"792,610";"BR-365/MG";"Decrescente";"Choque";0;0;0;0;0;0;0;0;0;0;0;0;1;0;0
"21/03/2024";"12:36:00";"251";"Sem vítima";"44,150";"BR-364/MG";"Decrescente";"Capotamento";0;0;0;0;0;0;0;0;0;0;1;0;0;0;0
"21/03/2024";"08:34:00";"359";"Sem vítima";"704,350";"BR-365/MG";"Crescente";"Colisão traseira";0;0;0;0;0;0;0;0;0;0;2;0;0;0;0
"21/03/2024";"08:43:00";"361";"Sem vítima";"703,350";"BR-365/MG";"Decrescente";"Tombamento";0;0;0;0;0;0;0;0;0;0;1;0;0;0;0
"22/03/2024";"01:17:00";"13";"Com vítima";"124,800";"BR-364/MG";"Decrescente";"Choque";0;0;0;0;0;0;0;0;0;0;0;1;0;0;0
"22/03/2024";"11:40:00";"227";"Sem vítima";"739,300";"BR-365/MG";"Crescente";"Colisão traseira";0;0;0;0;0;0;0;0;0;0;3;0;0;0;0
"22/03/2024";"04:38:00";"306";"Sem vítima";"707,300";"BR-365/MG";"Crescente";"Colisão lateral no mesmo sentido";0;0;0;0;0;0;0;0;0;0;2;0;0;0;0
"23/03/2024";"01:27:00";"19";"Sem vítima";"80,209";"BR-364/MG";"Crescente";"Choque";0;0;0;0;0;0;0;0;0;0;2;0;0;0;0
"23/03/2024";"03:13:00";"26";"Com vítima";"681,000";"BR-365/MG";"Crescente";"Tombamento";0;0;0;0;0;0;0;0;0;0;0;1;0;0;0
"23/03/2024";"05:06:00";"79";"Sem vítima";"652,500";"BR-365/MG";"Crescente";"Colisão traseira";0;0;0;0;0;0;0;0;0;0;2;0;0;0;0
"23/03/2024";"07:01:00";"119";"Com vítima";"62,369";"BR-364/MG";"Crescente";"Capotamento";0;0;0;0;0;0;0;0;0;0;0;0;1;0;0
"23/03/2024";"02:09:00";"262";"Sem vítima";"754,200";"BR-365/MG";"Crescente";"Choque";0;0;0;0;0;0;0;0;0;0;1;0;0;0;0
"24/03/2024";"03:06:00";"217";"Sem vítima";"670,000";"BR-365/MG";"Crescente";"Colisão lateral no mesmo sentido";0;0;0;0;0;0;0;0;0;0;2;0;0;0;0
"24/03/2024";"05:01:00";"239";"Com vítima";"808,000";"BR-365/MG";"Crescente";"Colisão frontal";0;0;0;0;0;0;0;0;0;0;0;0;0;1;1
"25/03/2024";"12:39:00";"231";"Sem vítima";"706,100";"BR-365/MG";"Crescente";"Colisão transversal";0;0;0;0;0;0;0;0;0;0;3;0;0;0;0
"25/03/2024";"04:44:00";"282";"Sem vítima";"756,050";"BR-365/MG";"Decrescente";"Choque";0;0;0;0;0;0;0;0;0;0;2;0;0;0;0
"27/03/2024";"06:22:00";"131";"Sem vítima";"32,950";"BR-364/MG";"Decrescente";"Colisão traseira";0;0;0;0;0;0;0;0;0;0;2;0;0;0;0
"27/03/2024";"12:06:00";"254";"Sem vítima";"779,680";"BR-365/MG";"Decrescente";"Colisão traseira";0;0;0;0;0;0;0;0;0;0;2;0;0;0;0
"28/03/2024";"07:50:00";"220";"Sem vítima";"750,000";"BR-365/MG";"Crescente";"Tombamento";0;0;0;0;0;0;0;0;0;0;1;0;0;0;0
"28/03/2024";"11:02:00";"297";"Sem vítima";"179,000";"BR-364/MG";"Crescente";"Choque";0;0;0;0;0;0;0;0;0;0;1;0;0;0;0
"28/03/2024";"11:37:00";"310";"Sem vítima";"626,300";"BR-365/MG";"Decrescente";"Choque";0;0;0;0;0;0;0;0;0;0;2;0;0;0;0
"28/03/2024";"12:35:00";"332";"Sem vítima";"134,600";"BR-364/MG";"Decrescente";"Choque";0;0;0;0;0;0;0;0;0;0;3;0;0;0;0
"28/03/2024";"02:39:00";"381";"Com vítima";"651,000";"BR-365/MG";"Crescente";"Capotamento";0;0;0;0;0;0;0;0;0;0;0;2;0;0;0
"28/03/2024";"05:31:00";"462";"Com vítima";"627,000";"BR-365/MG";"Decrescente";"Colisão lateral no mesmo sentido";0;0;0;0;0;0;0;0;0;0;1;0;0;0;0
"29/03/2024";"08:25:00";"339";"Sem vítima";"816,160";"BR-365/MG";"Crescente";"Choque";0;0;0;0;0;0;0;0;0;0;1;0;0;0;0
"30/03/2024";"06:53:00";"283";"Com vítima";"67,000";"BR-364/MG";"Decrescente";"Capotamento";0;0;0;0;0;0;0;0;0;0;0;1;0;0;0
"30/03/2024";"10:16:00";"6";"Sem vítima";"756,600";"BR-365/MG";"Decrescente";"Choque";0;0;0;0;0;0;0;0;0;0;3;0;0;0;0
"02/04/2024";"12:36:00";"27";"Com vítima";"8,330";"BR-364/MG";"Decrescente";"Choque";1;0;0;0;0;0;0;0;0;0;0;1;0;0;0
"04/04/2024";"10:17:00";"237";"Sem vítima";"642,480";"BR-365/MG";"Decrescente";"Colisão lateral no mesmo sentido";2;0;0;0;0;0;0;0;0;0;3;0;0;0;0
"04/04/2024";"02:28:00";"321";"Sem vítima";"175,700";"BR-364/MG";"Crescente";"Tombamento";0;0;0;0;0;1;0;0;0;0;1;0;0;0;0
"05/04/2024";"12:21:00";"300";"Sem vítima";"181,000";"BR-364/MG";"Decrescente";"Choque";0;0;0;0;0;0;0;0;0;1;3;0;0;0;0
"05/04/2024";"12:51:00";"317";"Sem vítima";"752,500";"BR-365/MG";"Decrescente";"Colisão transversal";1;0;2;0;0;0;0;0;0;1;5;0;0;0;0
"05/04/2024";"01:16:00";"326";"Com vítima";"88,900";"BR-364/MG";"Crescente";"Colisão lateral em sentido contrário";0;0;0;0;0;1;0;0;0;1;1;1;0;0;0
"05/04/2024";"02:47:00";"361";"Sem vítima";"756,000";"BR-365/MG";"Decrescente";"Choque";0;0;0;0;0;0;0;0;0;1;1;0;0;0;0
"05/04/2024";"04:34:00";"397";"Sem vítima";"740,050";"BR-365/MG";"Crescente";"Colisão traseira";1;0;0;0;0;0;0;0;0;1;2;0;0;0;0
"06/04/2024";"05:13:00";"99";"Sem vítima";"645,500";"BR-365/MG";"Crescente";"Colisão traseira";0;0;1;0;0;1;0;0;0;0;2;0;0;0;0
"06/04/2024";"01:48:00";"268";"Sem vítima";"12,000";"BR-364/MG";"Decrescente";"Colisão lateral no mesmo sentido";1;0;0;0;0;1;0;0;0;0;2;0;0;0;0
"07/04/2024";"06:38:00";"86";"Com vítima";"635,000";"BR-365/MG";"Crescente";"Capotamento";0;0;0;0;0;0;0;0;0;1;0;1;0;0;0
"08/04/2024";"08:41:00";"222";"Sem vítima";"815,300";"BR-365/MG";"Crescente";"Tombamento";0;0;0;0;0;0;0;0;0;1;2;0;0;0;0
"08/04/2024";"04:02:00";"368";"Com vítima";"657,600";"BR-365/MG";"Decrescente";"Colisão traseira";0;0;0;1;0;0;0;0;0;1;1;1;0;0;0
"08/04/2024";"07:35:00";"415";"Sem vítima";"756,000";"BR-365/MG";"Decrescente";"Choque";0;0;0;0;0;0;0;0;0;1;2;0;0;0;0
"10/04/2024";"02:32:00";"333";"Sem vítima";"725,550";"BR-365/MG";"Decrescente";"Colisão traseira";0;0;0;0;0;1;0;0;0;1;2;0;0;0;0
"10/04/2024";"04:20:00";"361";"Sem vítima";"817,600";"BR-365/MG";"Crescente";"Colisão traseira";1;0;0;0;0;1;0;0;0;0;3;0;0;0;0
"11/04/2024";"08:37:00";"200";"Sem vítima";"645,500";"BR-365/MG";"Crescente";"Colisão traseira";1;0;0;0;0;1;0;0;0;0;3;0;0;0;0
"12/04/2024";"01:50:00";"25";"Sem vítima";"5,530";"BR-364/MG";"Decrescente";"Choque";1;0;0;0;0;0;0;0;0;0;2;0;0;0;0
"12/04/2024";"09:21:00";"249";"Com vítima";"855,400";"BR-365/MG";"Crescente";"Atropelamento de animal";0;0;0;0;0;0;0;0;0;1;3;0;0;0;0
"13/04/2024";"11:16:00";"212";"Sem vítima";"89,100";"BR-364/MG";"Crescente";"Colisão lateral no mesmo sentido";1;0;1;0;0;0;0;0;0;0;3;0;0;0;0
"13/04/2024";"07:37:00";"347";"Com vítima";"868,000";"BR-365/MG";"Crescente";"Colisão lateral no mesmo sentido";1;0;0;1;0;0;0;0;0;0;0;4;1;0;2
"14/04/2024";"05:47:00";"255";"Sem vítima";"627,000";"BR-365/MG";"Crescente";"Choque";0;0;1;0;0;0;0;0;0;0;1;0;0;0;0
"15/04/2024";"12:42:00";"269";"Sem vítima";"673,700";"BR-365/MG";"Crescente";"Colisão lateral no mesmo sentido";0;0;0;0;0;1;0;0;0;2;3;0;0;0;0
"15/04/2024";"01:33:00";"284";"Sem vítima";"680,300";"BR-365/MG";"Decrescente";"Choque";0;0;0;0;0;1;0;0;0;0;8;0;0;0;0
"16/04/2024";"04:25:00";"71";"Sem vítima";"662,820";"BR-365/MG";"Crescente";"Acidentes de outra natureza";1;0;0;0;0;1;0;0;0;0;3;0;0;0;0
"16/04/2024";"03:16:00";"357";"Com vítima";"831,400";"BR-365/MG";"Decrescente";"Atropelamento de animal";0;0;0;0;0;0;0;0;0;1;1;0;0;0;0
"17/04/2024";"02:26:00";"350";"Sem vítima";"749,840";"BR-365/MG";"Decrescente";"Colisão lateral no mesmo sentido";0;0;0;0;0;2;0;0;0;0;2;0;0;0;0
"18/04/2024";"12:27:00";"27";"Com vítima";"706,500";"BR-365/MG";"Decrescente";"Colisão transversal";1;0;0;0;0;1;0;0;0;0;3;0;1;0;0
"18/04/2024";"03:14:00";"42";"Sem vítima";"683,700";"BR-365/MG";"Crescente";"Choque";1;0;0;0;0;0;0;0;0;0;1;0;0;0;0
"18/04/2024";"11:19:00";"305";"Com vítima";"665,000";"BR-365/MG";"Decrescente";"Capotamento";1;0;0;0;0;0;0;0;0;0;0;2;0;0;0
"18/04/2024";"11:21:00";"307";"Com vítima";"659,000";"BR-365/MG";"Crescente";"Choque";0;0;0;0;0;0;0;0;0;1;1;1;0;0;0
"18/04/2024";"05:36:00";"406";"Com vítima";"703,000";"BR-365/MG";"Decrescente";"Colisão traseira";0;0;0;0;0;1;0;0;0;1;1;1;0;0;0
"19/04/2024";"09:55:00";"10";"Sem vítima";"677,050";"BR-365/MG";"Decrescente";"Choque";0;0;0;0;0;0;0;0;0;1;4;0;0;0;0
"20/04/2024";"02:03:00";"309";"Sem vítima";"651,200";"BR-365/MG";"Crescente";"Choque";1;0;0;0;0;0;0;0;0;0;1;0;0;0;0
"21/04/2024";"01:58:00";"246";"Com vítima";"751,150";"BR-365/MG";"Decrescente";"Choque";1;0;0;0;0;0;0;0;0;0;0;0;1;0;0
"22/04/2024";"07:28:00";"200";"Sem vítima";"173,650";"BR-364/MG";"Decrescente";"Choque";1;0;0;0;0;0;0;0;0;0;1;0;0;0;0
"22/04/2024";"12:06:00";"300";"Sem vítima";"638,000";"BR-365/MG";"Crescente";"Colisão traseira";1;0;1;0;0;0;0;0;0;0;2;0;0;0;0
"22/04/2024";"09:26:00";"3";"Sem vítima";"626,470";"BR-365/MG";"Crescente";"Tombamento";0;0;1;0;0;0;0;0;0;0;1;0;0;0;0
"23/04/2024";"02:26:00";"297";"Sem vítima";"639,720";"BR-365/MG";"Crescente";"Colisão traseira";1;0;0;0;0;1;0;0;0;0;3;0;0;0;0
"24/04/2024";"03:00:00";"36";"Sem vítima";"129,330";"BR-364/MG";"Decrescente";"Atropelamento de animal";0;0;0;0;0;0;0;0;0;1;1;0;0;0;0
"24/04/2024";"02:28:00";"331";"Com vítima";"753,100";"BR-365/MG";"Crescente";"Colisão lateral em sentido contrário";0;0;0;1;0;0;0;0;0;1;1;1;0;0;0
"24/04/2024";"04:06:00";"355";"Sem vítima";"645,350";"BR-365/MG";"Crescente";"Colisão traseira";0;0;0;0;0;2;0;0;0;0;2;0;0;0;0
"24/04/2024";"04:46:00";"372";"Com vítima";"89,900";"BR-364/MG";"Crescente";"Colisão frontal";0;0;0;0;0;1;0;0;0;1;0;1;0;1;3
"25/04/2024";"10:18:00";"241";"Com vítima";"754,800";"BR-365/MG";"Decrescente";"Colisão transversal";1;0;0;0;0;1;0;0;0;0;1;1;0;0;0
"26/04/2024";"09:03:00";"218";"Sem vítima";"774,400";"BR-365/MG";"Crescente";"Choque";0;0;0;0;0;1;0;0;0;0;1;0;0;0;0
"26/04/2024";"01:21:00";"304";"Sem vítima";"645,600";"BR-365/MG";"Crescente";"Colisão traseira";1;0;0;0;0;1;0;0;0;0;4;0;0;0;0
"27/04/2024";"06:11:00";"310";"Sem vítima";"148,750";"BR-364/MG";"Crescente";"Atropelamento de animal";1;0;0;0;0;0;0;0;0;0;3;0;0;0;0
"28/04/2024";"07:49:00";"316";"Com vítima";"22,200";"BR-364/MG";"Decrescente";"Atropelamento de animal";1;0;0;0;0;0;0;0;0;0;3;0;0;0;0
"29/04/2024";"10:36:00";"238";"Sem vítima";"735,480";"BR-365/MG";"Crescente";"Choque";0;0;0;0;0;1;0;0;0;0;1;0;0;0;0
"30/04/2024";"10:32:00";"257";"Sem vítima";"666,950";"BR-365/MG";"Decrescente";"Choque";0;0;0;0;0;0;0;0;0;1;1;0;0;0;0
"30/04/2024";"06:44:00";"394";"Com vítima";"715,600";"BR-365/MG";"Crescente";"Atropelamento de animal";1;0;0;0;0;0;0;0;0;0;2;0;0;0;0
"30/04/2024";"09:20:00";"3";"Sem vítima";"660,300";"BR-365/MG";"Crescente";"Choque";0;0;0;0;0;1;0;0;0;0;1;0;0;0;0
"03/05/2024";"03:55:00";"384";"Com vítima";"791,770";"BR-365/MG";"Decrescente";"Queda de moto";0;0;0;1;0;0;0;0;0;0;0;1;0;0;0
"03/05/2024";"03:59:00";"387";"Sem vítima";"791,770";"BR-365/MG";"Decrescente";"Choque";1;0;0;0;0;0;0;0;0;0;2;0;0;0;0
"03/05/2024";"09:44:00";"6";"Sem vítima";"765,050";"BR-365/MG";"Crescente";"Choque";1;0;0;0;0;0;0;0;0;0;1;0;0;0;0
"04/05/2024";"07:38:00";"367";"Com vítima";"745,410";"BR-365/MG";"Crescente";"Tombamento";0;0;0;0;0;1;0;0;0;0;0;0;1;0;0
"05/05/2024";"05:08:00";"74";"Com vítima";"632,429";"BR-365/MG";"Crescente";"Choque";1;0;0;0;0;0;0;0;0;0;1;0;0;0;1
"05/05/2024";"04:13:00";"272";"Sem vítima";"58,000";"BR-364/MG";"Crescente";"Acidentes de outra natureza";1;0;0;0;0;0;0;0;0;0;4;0;0;0;0
"06/05/2024";"11:51:00";"291";"Sem vítima";"663,800";"BR-365/MG";"Decrescente";"Choque";1;0;0;0;0;0;0;0;0;0;4;0;0;0;0
"06/05/2024";"03:39:00";"362";"Sem vítima";"790,600";"BR-365/MG";"Crescente";"Colisão lateral no mesmo sentido";0;0;0;0;0;0;0;0;0;2;13;0;0;0;0
"08/05/2024";"05:03:00";"99";"Sem vítima";"645,600";"BR-365/MG";"Crescente";"Choque";1;0;1;0;0;0;0;0;0;0;3;0;0;0;0
"08/05/2024";"11:20:00";"17";"Com vítima";"832,000";"BR-365/MG";"Decrescente";"Atropelamento de animal";1;0;0;0;0;0;0;0;0;0;0;0;1;0;0
"09/05/2024";"02:51:00";"34";"Sem vítima";"843,120";"BR-365/MG";"Decrescente";"Colisão lateral em sentido contrário";1;0;0;0;0;1;0;0;0;0;3;0;0;0;0
"09/05/2024";"05:33:00";"118";"Sem vítima";"9,090";"BR-364/MG";"Decrescente";"Choque";1;0;0;0;0;0;0;0;0;0;1;0;0;0;0
"09/05/2024";"05:09:00";"398";"Sem vítima";"32,950";"BR-364/MG";"Decrescente";"Colisão traseira";2;0;0;0;0;0;0;0;0;0;5;0;0;0;0
"09/05/2024";"08:19:00";"441";"Com vítima";"628,000";"BR-365/MG";"Crescente";"Choque";4;0;0;0;0;0;0;0;0;0;0;4;0;0;0
"10/05/2024";"12:25:00";"276";"Sem vítima";"783,700";"BR-365/MG";"Crescente";"Colisão traseira";1;0;0;0;0;1;0;0;0;0;5;0;0;0;0
"10/05/2024";"12:50:00";"286";"Com vítima";"786,700";"BR-365/MG";"Decrescente";"Colisão traseira";1;0;0;0;0;0;0;0;0;1;1;1;0;0;0
"10/05/2024";"01:24:00";"302";"Sem vítima";"628,710";"BR-365/MG";"Decrescente";"Colisão lateral no mesmo sentido";1;0;0;0;0;0;0;0;0;1;6;0;0;0;0
"11/05/2024";"11:40:00";"19";"Sem vítima";"82,150";"BR-364/MG";"Decrescente";"Atropelamento de animal";1;0;0;0;0;0;0;0;0;0;3;0;0;0;0
"12/05/2024";"12:51:00";"219";"Sem vítima";"21,600";"BR-364/MG";"Crescente";"Choque";0;0;0;0;0;0;0;0;0;1;1;0;0;0;0
"15/05/2024";"06:00:00";"384";"Sem vítima";"100,000";"BR-364/MG";"Crescente";"Tombamento";0;0;0;0;0;1;0;0;0;0;1;0;0;0;0
"16/05/2024";"06:25:00";"391";"Sem vítima";"705,070";"BR-365/MG";"Decrescente";"Colisão traseira";0;0;1;0;0;1;0;0;0;0;2;0;0;0;0
"18/05/2024";"07:06:00";"117";"Com vítima";"746,000";"BR-365/MG";"Crescente";"Engavetamento";2;0;0;0;0;1;0;0;0;0;5;1;0;0;0
"18/05/2024";"10:43:00";"192";"Com vítima";"117,280";"BR-364/MG";"Crescente";"Colisão frontal";1;0;0;0;0;1;0;0;0;0;0;1;0;0;1
"18/05/2024";"03:40:00";"280";"Sem vítima";"111,200";"BR-364/MG";"Decrescente";"Engavetamento";1;0;0;0;0;0;0;0;0;2;3;0;0;0;0
"19/05/2024";"08:07:00";"139";"Com vítima";"832,200";"BR-365/MG";"Decrescente";"Capotamento";0;0;0;0;0;0;0;0;0;1;0;0;1;0;0
"21/05/2024";"06:04:00";"361";"Sem vítima";"100,750";"BR-364/MG";"Crescente";"Atropelamento de animal";0;0;0;0;0;0;0;0;0;1;4;0;0;0;0
"22/05/2024";"04:31:00";"398";"Com vítima";"744,000";"BR-365/MG";"Crescente";"Colisão lateral em sentido contrário";0;0;0;0;0;1;0;0;0;1;2;0;1;0;0
"23/05/2024";"02:19:00";"333";"Sem vítima";"791,000";"BR-365/MG";"Decrescente";"Colisão traseira";0;0;1;0;0;1;0;0;0;0;2;0;0;0;0
"25/05/2024";"04:15:00";"252";"Com vítima";"749,900";"BR-365/MG";"Crescente";"Colisão traseira";1;0;0;0;0;0;0;0;0;1;4;1;0;0;0
"26/05/2024";"01:50:00";"29";"Com vítima";"58,005";"BR-364/MG";"Crescente";"Queda de moto";0;0;0;1;0;0;0;0;0;0;0;1;0;0;0
"26/05/2024";"04:54:00";"271";"Com vítima";"680,650";"BR-365/MG";"Crescente";"Capotamento";1;0;0;0;0;0;0;0;0;0;0;0;2;0;1
"27/05/2024";"03:34:00";"38";"Com vítima";"146,930";"BR-364/MG";"Crescente";"Capotamento";0;0;0;0;0;0;0;0;0;1;0;0;1;0;0
"27/05/2024";"03:27:00";"346";"Sem vítima";"840,250";"BR-365/MG";"Decrescente";"Atropelamento de animal";0;0;1;0;0;0;0;0;0;0;1;0;0;0;0
"27/05/2024";"03:46:00";"349";"Sem vítima";"840,250";"BR-365/MG";"Decrescente";"Atropelamento de animal";0;0;0;0;0;0;0;0;0;1;7;0;0;0;0
"27/05/2024";"05:36:00";"381";"Sem vítima";"106,000";"BR-364/MG";"Decrescente";"Choque";0;0;0;0;0;1;0;0;0;0;1;0;0;0;0
"28/05/2024";"05:14:00";"349";"Com vítima";"687,000";"BR-365/MG";"Crescente";"Colisão lateral no mesmo sentido";0;0;0;0;0;1;0;0;0;1;1;1;0;0;0
"30/05/2024";"10:14:00";"283";"Sem vítima";"661,620";"BR-365/MG";"Decrescente";"Capotamento";1;0;0;0;0;0;0;0;0;0;1;0;0;0;0
"30/05/2024";"02:54:00";"394";"Sem vítima";"7,000";"BR-364/MG";"Crescente";"Choque";1;0;0;0;0;0;0;0;0;0;2;0;0;0;0
"01/06/2024";"05:02:00";"86";"Sem vítima";"851,700";"BR-365/MG";"Decrescente";"Tombamento";0;0;0;0;0;1;0;0;0;0;1;0;0;0;0
"02/06/2024";"03:13:00";"30";"Sem vítima";"55,150";"BR-364/MG";"Crescente";"Colisão traseira";0;0;0;0;0;1;0;0;0;1;3;0;0;0;0
"02/06/2024";"05:02:00";"226";"Sem vítima";"88,770";"BR-364/MG";"Crescente";"Colisão transversal";1;0;0;0;0;0;0;0;0;1;4;0;0;0;0
"03/06/2024";"09:23:00";"228";"Sem vítima";"686,620";"BR-365/MG";"Crescente";"Colisão lateral no mesmo sentido";0;0;0;0;0;1;0;0;0;1;2;0;0;0;0
"05/06/2024";"03:38:00";"298";"Sem vítima";"706,450";"BR-365/MG";"Decrescente";"Choque";0;0;0;0;0;1;0;0;0;0;2;0;0;0;0
"05/06/2024";"05:07:00";"320";"Sem vítima";"19,600";"BR-364/MG";"Crescente";"Colisão lateral no mesmo sentido";0;0;0;0;0;1;0;0;0;1;2;0;0;0;0
"06/06/2024";"05:23:00";"124";"Sem vítima";"93,300";"BR-364/MG";"Decrescente";"Colisão traseira";0;0;0;0;0;2;0;0;0;0;2;0;0;0;0
"06/06/2024";"09:13:00";"215";"Com vítima";"19,300";"BR-364/MG";"Crescente";"Choque";0;0;0;0;0;1;0;0;0;0;0;1;0;0;0
"07/06/2024";"06:52:00";"169";"Com vítima";"148,700";"BR-364/MG";"Decrescente";"Tombamento";0;0;0;0;0;1;0;0;0;0;0;1;0;0;0
"07/06/2024";"07:17:00";"181";"Sem vítima";"682,500";"BR-365/MG";"Decrescente";"Colisão traseira";0;0;0;0;0;0;0;0;0;1;1;0;0;0;0
"08/06/2024";"10:01:00";"212";"Com vítima";"11,820";"BR-364/MG";"Decrescente";"Colisão lateral no mesmo sentido";0;0;0;1;0;0;0;0;0;1;2;1;0;0;0
"09/06/2024";"12:39:00";"22";"Com vítima";"756,210";"BR-365/MG";"Crescente";"Queda de moto";0;0;0;1;0;0;0;0;0;0;0;0;1;0;0
"09/06/2024";"12:57:00";"25";"Sem vítima";"755,170";"BR-365/MG";"Crescente";"Choque";1;0;0;0;0;0;0;0;0;0;1;0;0;0;0
"09/06/2024";"02:21:00";"220";"Sem vítima";"669,500";"BR-365/MG";"Decrescente";"Choque";1;0;0;0;0;0;0;0;0;0;5;0;0;0;0
"09/06/2024";"04:33:00";"262";"Com vítima";"36,100";"BR-364/MG";"Crescente";"Choque";0;0;0;1;0;0;0;0;0;0;0;0;1;0;0
"11/06/2024";"08:19:00";"219";"Sem vítima";"636,340";"BR-365/MG";"Crescente";"Colisão traseira";1;0;0;0;0;0;0;0;0;1;3;0;0;0;0
"12/06/2024";"05:59:00";"141";"Sem vítima";"835,900";"BR-365/MG";"Crescente";"Colisão traseira";0;0;1;0;0;0;0;0;0;0;1;0;0;0;0
"12/06/2024";"02:30:00";"342";"Com vítima";"810,350";"BR-365/MG";"Crescente";"Choque";0;0;0;1;0;0;0;0;0;0;0;0;0;1;0
"12/06/2024";"05:52:00";"409";"Com vítima";"753,500";"BR-365/MG";"Decrescente";"Colisão lateral no mesmo sentido";1;0;0;1;0;0;0;0;0;0;1;1;0;0;0
"13/06/2024";"05:45:00";"362";"Com vítima";"804,700";"BR-365/MG";"Decrescente";"Atropelamento de animal";1;0;0;0;0;0;0;0;0;0;3;0;0;0;0
"14/06/2024";"10:11:00";"241";"Sem vítima";"669,700";"BR-365/MG";"Decrescente";"Colisão lateral no mesmo sentido";1;0;0;0;1;0;0;0;0;0;8;0;0;0;0
"14/06/2024";"09:26:00";"1";"Com vítima";"696,000";"BR-365/MG";"Crescente";"Capotamento";1;0;0;0;0;0;0;0;0;0;0;1;0;0;0
"15/06/2024";"10:53:00";"17";"Sem vítima";"629,670";"BR-365/MG";"Crescente";"Choque";1;0;0;0;0;0;0;0;0;0;1;0;0;0;0
"16/06/2024";"02:37:00";"35";"Com vítima";"689,580";"BR-365/MG";"Crescente";"Colisão traseira";0;0;0;0;0;1;0;0;0;0;1;0;0;0;0
"18/06/2024";"07:33:00";"187";"Sem vítima";"626,500";"BR-365/MG";"Crescente";"Tombamento";0;0;0;0;0;1;0;0;0;0;1;0;0;0;0
"18/06/2024";"09:05:00";"213";"Sem vítima";"32,900";"BR-364/MG";"Decrescente";"Colisão traseira";0;0;1;0;0;1;0;0;0;0;2;0;0;0;0
"19/06/2024";"03:59:00";"67";"Com vítima";"679,840";"BR-365/MG";"Decrescente";"Tombamento";0;0;0;0;0;1;0;0;0;0;0;1;0;0;0
"19/06/2024";"05:29:00";"396";"Sem vítima";"688,000";"BR-365/MG";"Decrescente";"Choque";1;0;0;0;0;0;0;0;0;0;1;0;0;0;0
"20/06/2024";"03:09:00";"359";"Sem vítima";"93,120";"BR-364/MG";"Crescente";"Choque";0;0;0;0;0;1;0;0;0;0;1;0;0;0;0