data;horario;n_da_ocorrencia;tipo_de_ocorrencia;km;trecho;sentido;tipo_de_acidente;automovel;bicicleta;caminhao;moto;onibus;outros;tracao_animal;transporte_de_cargas_especiais;trator_maquinas;utilitarios;ilesos;levemente_feridos;moderadamente_feridos;gravemente_feridos;mortos
"13/09/2024";"03:36:00";"301";"Sem vítima";"704,000";"BR-365/MG";"Crescente";"Colisão lateral no mesmo sentido";1;0;0;0;0;1;0;0;0;0;5;0;0;0;0
"13/09/2024";"04:37:00";"320";"Com vítima";"12,850";"BR-364/MG";"Crescente";"Atropelamento de pedestre";0;0;0;1;0;1;0;0;0;0;1;0;0;2;1
"13/09/2024";"10:22:00";"15";"Sem vítima";"9,100";"BR-364/MG";"Crescente";"Choque";1;0;0;0;0;0;0;0;0;0;2;0;0;0;0
"14/09/2024";"06:36:00";"154";"Sem vítima";"671,500";"BR-365/MG";"Decrescente";"Colisão lateral no mesmo sentido";0;0;0;0;0;2;0;0;0;0;2;0;0;0;0
"14/09/2024";"11:54:00";"241";"Com vítima";"777,700";"BR-365/MG";"Crescente";"Choque";0;0;0;0;0;0;0;0;0;1;0;1;0;0;0
"14/09/2024";"05:02:00";"314";"Sem vítima";"805,000";"BR-365/MG";"Decrescente";"Choque";1;0;0;0;0;0;0;0;0;0;1;0;0;0;0
"14/09/2024";"11:54:00";"26";"Com vítima";"685,350";"BR-365/MG";"Crescente";"Colisão traseira";1;0;0;0;0;1;0;0;0;0;1;0;0;1;0
"17/09/2024";"01:57:00";"33";"Sem vítima";"704,350";"BR-365/MG";"Decrescente";"Choque";0;0;1;0;0;0;0;0;0;0;1;0;0;0;0
"17/09/2024";"04:48:00";"105";"Sem vítima";"669,400";"BR-365/MG";"Decrescente";"Colisão transversal";0;0;1;0;0;0;0;0;0;1;5;0;0;0;0
"17/09/2024";"08:48:00";"200";"Sem vítima";"649,000";"BR-365/MG";"Decrescente";"Colisão traseira";1;0;0;0;0;1;0;0;0;0;3;0;0;0;0
"18/09/2024";"03:05:00";"37";"Sem vítima";"11,800";"BR-364/MG";"Crescente";"Colisão traseira";0;0;0;2;0;0;0;0;0;0;2;0;0;0;0
"18/09/2024";"01:40:00";"264";"Sem vítima";"88,900";"BR-364/MG";"Crescente";"Colisão lateral no mesmo sentido";0;0;0;0;0;2;0;0;0;0;2;0;0;0;0
"18/09/2024";"03:18:00";"298";"Com vítima";"752,550";"BR-365/MG";"Crescente";"Colisão transversal";1;0;0;1;0;0;0;0;0;0;1;1;0;0;0
"21/09/2024";"04:47:00";"264";"Com vítima";"863,000";"BR-365/MG";"Decrescente";"Colisão traseira";1;0;0;1;0;0;0;0;0;0;3;2;0;0;0
"22/09/2024";"02:35:00";"235";"Sem vítima";"58,500";"BR-364/MG";"Crescente";"Choque";1;0;0;0;0;0;0;0;0;0;2;0;0;0;0
"22/09/2024";"05:39:00";"321";"Sem vítima";"856,290";"BR-365/MG";"Decrescente";"Choque";1;0;0;0;0;0;0;0;0;0;1;0;0;0;0
"23/09/2024";"10:53:00";"264";"Sem vítima";"89,000";"BR-364/MG";"Crescente";"Colisão transversal";2;0;0;0;0;0;0;0;0;0;5;0;0;0;0
"23/09/2024";"06:25:00";"399";"Com vítima";"753,063";"BR-365/MG";"Crescente";"Queda de moto";0;0;0;1;0;0;0;0;0;0;1;1;0;0;0
"24/09/2024";"11:46:00";"285";"Sem vítima";"704,350";"BR-365/MG";"Crescente";"Choque";0;0;0;0;0;2;0;0;0;0;2;0;0;0;0
"24/09/2024";"02:27:00";"351";"Sem vítima";"21,700";"BR-364/MG";"Decrescente";"Tombamento";0;0;0;0;0;1;0;0;0;0;1;0;0;0;0
"24/09/2024";"07:11:00";"433";"Com vítima";"98,530";"BR-364/MG";"Crescente";"Capotamento";1;0;0;0;0;0;0;0;0;0;0;1;0;0;0
"25/09/2024";"08:30:00";"197";"Sem vítima";"102,640";"BR-364/MG";"Crescente";"Capotamento";1;0;0;0;0;0;0;0;0;0;1;0;0;0;0
"26/09/2024";"06:37:00";"174";"Sem vítima";"662,790";"BR-365/MG";"Crescente";"Choque";0;0;0;0;0;0;0;0;0;1;1;0;0;0;0
"26/09/2024";"08:27:00";"448";"Com vítima";"771,200";"BR-365/MG";"Crescente";"Atropelamento de animal";1;0;0;0;0;0;0;0;0;0;3;0;0;0;0
"27/09/2024";"01:27:00";"36";"Sem vítima";"666,110";"BR-365/MG";"Crescente";"Capotamento";1;0;0;0;0;0;0;0;0;0;1;0;0;0;0
"27/09/2024";"09:20:00";"270";"Sem vítima";"667,280";"BR-365/MG";"Crescente";"Choque";1;0;0;0;0;0;0;0;0;0;2;0;0;0;0
"28/09/2024";"03:57:00";"69";"Sem vítima";"55,500";"BR-364/MG";"Decrescente";"Choque";0;0;0;0;0;0;0;0;0;1;1;0;0;0;0
"28/09/2024";"09:19:00";"222";"Sem vítima";"173,000";"BR-364/MG";"Crescente";"Colisão transversal";1;0;0;0;0;0;0;0;0;1;4;0;0;0;0
"28/09/2024";"09:32:00";"229";"Sem vítima";"66,100";"BR-364/MG";"Crescente";"Colisão lateral no mesmo sentido";1;0;0;0;0;1;0;0;0;0;3;0;0;0;0
"29/09/2024";"01:53:00";"40";"Sem vítima";"57,637";"BR-364/MG";"Crescente";"Choque";1;0;0;0;0;0;0;0;0;0;1;0;0;0;0
"29/09/2024";"02:24:00";"45";"Sem vítima";"637,400";"BR-365/MG";"Crescente";"Choque";1;0;0;0;0;0;0;0;0;0;3;0;0;0;0
"01/10/2024";"01:41:00";"36";"Sem vítima";"750,000";"BR-365/MG";"Decrescente";"Choque";0;0;0;0;0;0;0;0;0;1;1;0;0;0;0
"01/10/2024";"02:55:00";"48";"Com vítima";"111,900";"BR-364/MG";"Decrescente";"Atropelamento de animal";0;0;0;0;0;1;0;0;0;0;1;0;0;0;0
"01/10/2024";"04:47:00";"135";"Sem vítima";"765,980";"BR-365/MG";"Crescente";"Colisão traseira";0;0;0;0;1;1;0;0;0;0;33;0;0;0;0
"01/10/2024";"03:05:00";"379";"Sem vítima";"778,000";"BR-365/MG";"Decrescente";"Atropelamento de animal";0;0;0;0;0;0;0;0;0;1;1;0;0;0;0
"01/10/2024";"04:24:00";"404";"Sem vítima";"129,000";"BR-364/MG";"Decrescente";"Choque";0;0;0;0;0;1;0;0;0;0;1;0;0;0;0
"02/10/2024";"07:06:00";"197";"Sem vítima";"787,000";"BR-365/MG";"Crescente";"Choque";0;0;0;0;0;0;0;0;0;5;5;0;0;0;0
"05/10/2024";"07:05:00";"171";"Com vítima";"693,800";"BR-365/MG";"Crescente";"Capotamento";1;0;0;0;0;0;0;0;0;0;1;2;1;0;0
"05/10/2024";"05:16:00";"376";"Com vítima";"784,000";"BR-365/MG";"Decrescente";"Colisão lateral em sentido contrário";1;0;1;0;0;0;0;0;0;0;1;1;0;0;0
"05/10/2024";"09:51:00";"10";"Sem vítima";"1,000";"BR-364/MG";"Crescente";"Choque";1;0;0;0;0;0;0;0;0;0;2;0;0;0;0
"05/10/2024";"11:50:00";"23";"Sem vítima";"865,200";"BR-365/MG";"Decrescente";"Queda de moto";0;0;0;1;0;0;0;0;0;0;1;0;0;0;0
"06/10/2024";"12:04:00";"215";"Com vítima";"680,000";"BR-365/MG";"Decrescente";"Choque";0;0;0;0;0;1;0;0;0;0;0;1;0;0;0
"06/10/2024";"06:39:00";"334";"Com vítima";"637,360";"BR-365/MG";"Decrescente";"Colisão traseira";0;0;1;0;0;1;0;0;0;0;1;0;1;0;0
"06/10/2024";"09:42:00";"11";"Com vítima";"170,000";"BR-364/MG";"Crescente";"Atropelamento de animal";0;0;0;0;0;1;0;0;0;0;1;0;0;0;0
"07/10/2024";"11:30:00";"303";"Com vítima";"638,800";"BR-365/MG";"Crescente";"Colisão traseira";0;0;0;0;0;2;0;0;0;0;1;1;0;0;0
"09/10/2024";"06:44:00";"199";"Sem vítima";"680,330";"BR-365/MG";"Decrescente";"Colisão lateral no mesmo sentido";0;0;0;0;0;0;0;0;0;2;2;0;0;0;0
"09/10/2024";"12:55:00";"352";"Com vítima";"184,400";"BR-364/MG";"Crescente";"Choque";0;0;0;0;0;0;0;0;0;1;0;1;0;1;0
"09/10/2024";"06:18:00";"450";"Com vítima";"177,500";"BR-364/MG";"Crescente";"Capotamento";1;0;0;0;0;0;0;0;0;0;0;0;1;0;0
"10/10/2024";"12:05:00";"19";"Sem vítima";"693,499";"BR-365/MG";"Crescente";"Tombamento";0;0;0;0;0;1;0;0;0;0;1;0;0;0;0
"10/10/2024";"05:12:00";"103";"Sem vítima";"673,400";"BR-365/MG";"Decrescente";"Choque";1;0;0;0;0;0;0;0;0;0;1;0;0;0;0
"10/10/2024";"04:47:00";"360";"Com vítima";"729,000";"BR-365/MG";"Decrescente";"Choque";0;0;0;0;0;1;0;0;0;0;0;0;1;0;0
"10/10/2024";"05:00:00";"364";"Sem vítima";"740,000";"BR-365/MG";"Crescente";"Choque";0;0;0;0;0;0;0;0;0;1;2;0;0;0;0
"10/10/2024";"05:08:00";"366";"Com vítima";"782,530";"BR-365/MG";"Crescente";"Atropelamento de animal";0;0;0;0;0;0;0;0;0;1;4;0;0;0;0
"10/10/2024";"05:09:00";"367";"Sem vítima";"729,000";"BR-365/MG";"Crescente";"Tombamento";0;0;0;0;0;1;0;0;0;0;1;0;0;0;0
"11/10/2024";"03:49:00";"50";"Com vítima";"680,200";"BR-365/MG";"Crescente";"Colisão frontal";1;0;0;0;0;1;0;0;0;0;1;0;1;0;0
"12/10/2024";"06:14:00";"102";"Sem vítima";"830,300";"BR-365/MG";"Crescente";"Tombamento";0;0;0;0;0;1;0;0;0;1;1;0;0;0;0
"12/10/2024";"06:56:00";"299";"Sem vítima";"810,150";"BR-365/MG";"Crescente";"Choque";0;0;0;0;0;0;0;0;0;1;2;0;0;0;0
"12/10/2024";"11:34:00";"16";"Com vítima";"161,070";"BR-364/MG";"Crescente";"Capotamento";0;0;0;0;0;0;0;0;0;1;0;2;0;0;0
"13/10/2024";"06:35:00";"115";"Com vítima";"113,900";"BR-364/MG";"Decrescente";"Colisão transversal";1;0;0;1;0;0;0;0;0;0;1;0;1;0;0
"13/10/2024";"04:42:00";"326";"Sem vítima";"717,000";"BR-365/MG";"Decrescente";"Colisão traseira";1;0;0;0;0;1;0;0;0;0;7;0;0;0;0
"14/10/2024";"05:26:00";"121";"Sem vítima";"645,600";"BR-365/MG";"Decrescente";"Choque";0;0;1;0;0;0;0;0;0;0;1;0;0;0;0
"15/10/2024";"09:21:00";"215";"Com vítima";"87,800";"BR-364/MG";"Decrescente";"Colisão lateral em sentido contrário";0;0;1;0;0;0;0;0;0;1;3;1;0;0;0
"15/10/2024";"02:17:00";"292";"Sem vítima";"626,900";"BR-365/MG";"Decrescente";"Colisão traseira";2;0;0;0;0;0;0;0;0;0;7;0;0;0;0
"16/10/2024";"02:40:00";"317";"Sem vítima";"778,150";"BR-365/MG";"Decrescente";"Tombamento";0;0;0;0;0;0;0;0;0;1;1;0;0;0;0
"17/10/2024";"01:33:00";"23";"Sem vítima";"672,400";"BR-365/MG";"Crescente";"Choque";0;0;1;0;0;0;0;0;0;0;2;0;0;0;0
"17/10/2024";"07:34:00";"203";"Sem vítima";"627,000";"BR-365/MG";"Crescente";"Colisão lateral no mesmo sentido";1;0;0;0;0;1;0;0;0;0;2;0;0;0;0
"17/10/2024";"01:18:00";"333";"Sem vítima";"672,610";"BR-365/MG";"Decrescente";"Colisão traseira";0;0;0;0;0;1;0;0;0;0;2;0;0;0;0
"17/10/2024";"01:29:00";"337";"Sem vítima";"673,850";"BR-365/MG";"Crescente";"Choque";0;0;0;0;0;1;0;0;0;0;1;0;0;0;0
"18/10/2024";"12:57:00";"346";"Com vítima";"77,100";"BR-364/MG";"Decrescente";"Colisão transversal";0;0;0;0;0;0;0;0;0;2;1;1;0;0;0
"18/10/2024";"08:58:00";"463";"Sem vítima";"17,970";"BR-364/MG";"Crescente";"Colisão traseira";0;0;0;0;0;0;0;0;0;2;3;0;0;0;0
"19/10/2024";"12:57:00";"215";"Com vítima";"640,100";"BR-365/MG";"Decrescente";"Capotamento";0;0;0;0;0;0;0;0;0;1;0;2;0;0;0
"19/10/2024";"08:54:00";"314";"Sem vítima";"751,300";"BR-365/MG";"Crescente";"Choque";1;0;0;0;0;0;0;0;0;0;1;0;0;0;0
"20/10/2024";"04:08:00";"230";"Com vítima";"70,850";"BR-364/MG";"Crescente";"Atropelamento de animal";0;0;0;1;1;0;0;0;0;0;17;2;0;0;0
"21/10/2024";"12:31:00";"279";"Com vítima";"89,000";"BR-364/MG";"Decrescente";"Queda de moto";0;0;0;1;0;0;0;0;0;0;1;0;1;0;0
"21/10/2024";"11:16:00";"12";"Sem vítima";"750,000";"BR-365/MG";"Crescente";"Choque";0;0;0;0;0;0;0;0;0;1;2;0;0;0;0
"22/10/2024";"04:31:00";"368";"Sem vítima";"634,000";"BR-365/MG";"Decrescente";"Colisão lateral no mesmo sentido";1;0;1;0;0;0;0;0;0;0;2;0;0;0;0
"24/10/2024";"04:44:00";"93";"Com vítima";"634,720";"BR-365/MG";"Decrescente";"Queda de moto";0;0;0;1;0;0;0;0;0;0;0;0;2;0;0
"24/10/2024";"01:18:00";"268";"Com vítima";"782,000";"BR-365/MG";"Decrescente";"Choque";0;0;0;1;0;0;0;0;0;0;0;0;1;0;0
"24/10/2024";"01:48:00";"277";"Sem vítima";"113,200";"BR-364/MG";"Crescente";"Choque";0;0;0;0;0;0;0;0;0;1;1;0;0;0;0
"24/10/2024";"04:11:00";"314";"Com vítima";"686,000";"BR-365/MG";"Decrescente";"Colisão traseira";0;0;0;0;0;1;0;0;0;1;1;1;0;0;0
"25/10/2024";"08:42:00";"239";"Com vítima";"638,000";"BR-365/MG";"Crescente";"Choque";1;0;0;0;0;1;0;0;0;0;0;0;0;1;0
"25/10/2024";"11:48:00";"288";"Sem vítima";"645,600";"BR-365/MG";"Decrescente";"Colisão traseira";2;0;0;0;0;1;0;0;0;0;5;0;0;0;0
"25/10/2024";"01:23:00";"336";"Sem vítima";"635,000";"BR-365/MG";"Decrescente";"Choque";1;0;0;0;0;0;0;0;0;0;1;0;0;0;0
"25/10/2024";"02:44:00";"362";"Com vítima";"634,500";"BR-365/MG";"Decrescente";"Choque";1;0;0;0;0;0;0;0;0;0;1;1;0;0;0
"26/10/2024";"09:30:00";"221";"Sem vítima";"823,440";"BR-365/MG";"Decrescente";"Tombamento";0;0;1;0;0;0;0;0;0;0;3;0;0;0;0
"26/10/2024";"09:59:00";"232";"Com vítima";"648,000";"BR-365/MG";"Crescente";"Colisão transversal";2;0;0;0;0;1;0;0;0;0;5;1;1;0;0
"26/10/2024";"02:41:00";"324";"Sem vítima";"788,400";"BR-365/MG";"Crescente";"Choque";0;0;0;0;0;0;0;0;0;1;2;0;0;0;0
"27/10/2024";"11:14:00";"176";"Sem vítima";"681,410";"BR-365/MG";"Decrescente";"Choque";1;0;0;0;0;0;0;0;0;0;2;0;0;0;0
"28/10/2024";"01:35:00";"15";"Sem vítima";"653,960";"BR-365/MG";"Decrescente";"Choque";1;0;0;0;0;0;0;0;0;0;1;0;0;0;0
"28/10/2024";"09:05:00";"197";"Com vítima";"626,300";"BR-365/MG";"Decrescente";"Atropelamento de animal";0;0;0;1;0;0;0;0;0;0;0;1;0;0;0
"29/10/2024";"12:49:00";"320";"Com vítima";"796,000";"BR-365/MG";"Decrescente";"Tombamento";0;0;0;0;0;1;0;0;0;0;0;1;0;0;0
"29/10/2024";"09:12:00";"3";"Sem vítima";"644,630";"BR-365/MG";"Decrescente";"Choque";1;0;0;0;0;0;0;0;0;0;2;0;0;0;0
"30/10/2024";"02:24:00";"27";"Sem vítima";"668,740";"BR-365/MG";"Decrescente";"Choque";0;0;0;0;0;0;0;0;0;1;1;0;0;0;0
"30/10/2024";"11:02:00";"246";"Sem vítima";"824,870";"BR-365/MG";"Crescente";"Capotamento";1;0;0;0;0;0;0;0;0;0;1;0;0;0;0
"31/10/2024";"11:35:00";"251";"Sem vítima";"156,400";"BR-364/MG";"Decrescente";"Choque";0;0;1;0;0;0;0;0;0;0;1;0;0;0;0
"01/11/2024";"08:42:00";"208";"Com vítima";"146,540";"BR-364/MG";"Crescente";"Engavetamento";0;0;0;0;0;0;0;0;0;2;1;2;0;0;0
"01/11/2024";"12:42:00";"275";"Sem vítima";"651,250";"BR-365/MG";"Crescente";"Choque";0;0;0;0;0;0;0;0;0;1;3;0;0;0;0
"01/11/2024";"03:11:00";"321";"Sem vítima";"641,350";"BR-365/MG";"Crescente";"Choque";1;0;0;0;0;0;0;0;0;0;1;0;0;0;0
"01/11/2024";"05:14:00";"362";"Com vítima";"744,440";"BR-365/MG";"Decrescente";"Capotamento";0;0;0;0;0;0;0;0;0;1;0;0;0;1;0
"02/11/2024";"05:25:00";"106";"Sem vítima";"704,000";"BR-365/MG";"Decrescente";"Colisão lateral no mesmo sentido";2;0;0;0;0;0;0;0;0;0;2;0;0;0;0
"02/11/2024";"07:04:00";"162";"Sem vítima";"646,000";"BR-365/MG";"Crescente";"Choque";1;0;0;0;0;1;0;0;0;0;2;0;0;0;0
"02/11/2024";"11:53:00";"13";"Sem vítima";"113,400";"BR-364/MG";"Crescente";"Choque";1;0;0;0;0;0;0;0;0;0;1;0;0;0;0
"03/11/2024";"03:21:00";"36";"Sem vítima";"639,940";"BR-365/MG";"Decrescente";"Choque";0;0;0;0;0;0;0;0;0;1;1;0;0;0;0
"03/11/2024";"09:02:00";"123";"Sem vítima";"748,800";"BR-365/MG";"Decrescente";"Choque";2;0;0;0;0;0;0;0;0;0;3;0;0;0;0
"03/11/2024";"02:09:00";"198";"Com vítima";"687,800";"BR-365/MG";"Crescente";"Choque";0;0;0;0;0;1;0;0;0;0;0;0;1;0;0
"03/11/2024";"06:49:00";"251";"Com vítima";"626,500";"BR-365/MG";"Decrescente";"Atropelamento de pedestre";1;0;0;0;0;0;0;0;0;0;3;1;0;0;0
"04/11/2024";"08:13:00";"191";"Sem vítima";"107,500";"BR-364/MG";"Decrescente";"Choque";1;0;0;0;0;0;0;0;0;0;1;0;0;0;0
"04/11/2024";"09:21:00";"211";"Sem vítima";"146,910";"BR-364/MG";"Crescente";"Choque";0;0;1;0;0;0;0;0;0;0;1;0;0;0;0
"04/11/2024";"04:50:00";"324";"Sem vítima";"31,000";"BR-364/MG";"Decrescente";"Atropelamento de animal";0;0;0;0;0;1;0;0;0;0;1;0;0;0;0
"05/11/2024";"01:59:00";"284";"Com vítima";"706,460";"BR-365/MG";"Decrescente";"Tombamento";0;0;0;0;0;1;0;0;0;0;0;1;0;0;0
"05/11/2024";"02:04:00";"287";"Sem vítima";"10,000";"BR-364/MG";"Crescente";"Colisão frontal";0;0;0;0;0;2;0;0;0;0;1;0;0;0;0
"06/11/2024";"11:17:00";"280";"Com vítima";"89,000";"BR-364/MG";"Crescente";"Colisão frontal";0;0;0;0;0;0;0;0;0;2;1;1;0;0;0
"06/11/2024";"01:37:00";"317";"Sem vítima";"638,900";"BR-365/MG";"Decrescente";"Choque";0;0;1;0;0;0;0;0;0;0;1;0;0;0;0
"06/11/2024";"02:46:00";"347";"Sem vítima";"667,095";"BR-365/MG";"Crescente";"Choque";1;0;0;0;0;0;0;0;0;0;1;0;0;0;0
"06/11/2024";"10:35:00";"13";"Sem vítima";"828,160";"BR-365/MG";"Crescente";"Carreta deu L";0;0;0;0;0;1;0;0;0;0;1;0;0;0;0
"07/11/2024";"07:56:00";"203";"Sem vítima";"704,350";"BR-365/MG";"Crescente";"Choque";1;0;0;0;0;1;0;0;0;0;2;0;0;0;0
"07/11/2024";"12:45:00";"269";"Sem vítima";"9,000";"BR-364/MG";"Decrescente";"Choque";0;0;0;0;0;0;0;0;0;1;1;0;0;0;0
"08/11/2024";"04:17:00";"320";"Sem vítima";"671,000";"BR-365/MG";"Decrescente";"Colisão lateral no mesmo sentido";1;0;0;0;0;0;0;0;0;1;2;0;0;0;0
"08/11/2024";"04:55:00";"331";"Sem vítima";"793,000";"BR-365/MG";"Crescente";"Colisão traseira";1;0;0;0;0;1;0;0;0;0;2;0;0;0;0
"09/11/2024";"05:45:00";"89";"Sem vítima";"632,000";"BR-365/MG";"Decrescente";"Choque";1;0;0;0;0;0;0;0;0;0;4;0;0;0;0
"09/11/2024";"03:18:00";"228";"Com vítima";"664,200";"BR-365/MG";"Crescente";"Colisão traseira";0;0;0;0;0;1;0;0;0;1;2;0;2;0;3
"09/11/2024";"05:46:00";"263";"Com vítima";"99,700";"BR-364/MG";"Decrescente";"Colisão frontal";2;0;0;0;0;0;0;0;0;0;0;3;2;0;0
"10/11/2024";"06:58:00";"361";"Com vítima";"125,610";"BR-364/MG";"Crescente";"Atropelamento de animal";1;0;0;0;0;0;0;0;0;0;1;0;0;0;0
"11/11/2024";"10:44:00";"255";"Com vítima";"124,000";"BR-364/MG";"Crescente";"Choque";0;0;0;1;0;0;0;0;0;0;0;1;0;0;0
"11/11/2024";"02:43:00";"331";"Com vítima";"750,000";"BR-365/MG";"Decrescente";"Queda de moto";0;0;0;1;0;0;0;0;0;0;0;0;1;0;0
"11/11/2024";"07:00:00";"394";"Com vítima";"783,200";"BR-365/MG";"Crescente";"Capotamento";1;0;0;0;0;0;0;0;0;0;0;0;1;0;0
"11/11/2024";"07:59:00";"407";"Com vítima";"795,560";"BR-365/MG";"Crescente";"Atropelamento de animal";1;0;0;0;0;0;0;0;0;0;2;2;0;0;0
"12/11/2024";"04:47:00";"370";"Com vítima";"692,800";"BR-365/MG";"Crescente";"Tombamento";0;0;0;0;0;1;0;0;0;0;0;1;0;0;0
"12/11/2024";"04:56:00";"373";"Sem vítima";"694,500";"BR-365/MG";"Crescente";"Choque";0;0;0;0;0;0;0;0;0;1;1;0;0;0;0
"12/11/2024";"04:58:00";"408";"Sem vítima";"692,800";"BR-365/MG";"Crescente";"Choque";1;0;0;0;0;0;0;0;0;0;1;0;0;0;0
"12/11/2024";"05:05:00";"380";"Sem vítima";"692,070";"BR-365/MG";"Crescente";"Tombamento";0;0;1;0;0;0;0;0;0;0;2;0;0;0;0
"13/11/2024";"09:04:00";"180";"Com vítima";"664,200";"BR-365/MG";"Crescente";"Capotamento";1;0;0;0;0;0;0;0;0;0;1;1;1;0;0
"13/11/2024";"04:57:00";"311";"Com vítima";"16,000";"BR-364/MG";"Decrescente";"Colisão transversal";1;0;1;0;0;0;0;0;0;0;0;2;2;2;0
"14/11/2024";"03:37:00";"370";"Com vítima";"20,750";"BR-364/MG";"Crescente";"Tombamento";0;0;0;0;0;0;0;0;0;1;1;2;0;0;0
"14/11/2024";"05:13:00";"417";"Com vítima";"626,880";"BR-365/MG";"Crescente";"Atropelamento de pedestre";0;0;0;0;0;0;0;0;0;1;3;0;0;0;1
"15/11/2024";"01:35:00";"35";"Com vítima";"697,780";"BR-365/MG";"Crescente";"Choque";1;0;0;0;0;0;0;0;0;0;1;1;0;0;0
"15/11/2024";"05:49:00";"111";"Com vítima";"123,000";"BR-364/MG";"Crescente";"Choque";0;0;0;0;0;0;0;0;0;1;0;0;0;1;0
"16/11/2024";"10:06:00";"5";"Sem vítima";"15,900";"BR-364/MG";"Decrescente";"Acidentes de outra natureza";1;0;0;0;0;0;0;0;0;0;1;0;0;0;0
"18/11/2024";"08:13:00";"215";"Sem vítima";"726,800";"BR-365/MG";"Crescente";"Choque";2;0;0;0;0;0;0;0;0;0;3;0;0;0;0
"19/11/2024";"04:05:00";"91";"Sem vítima";"819,690";"BR-365/MG";"Decrescente";"Choque";0;0;0;0;0;0;0;0;0;1;1;0;0;0;0
"19/11/2024";"10:51:00";"293";"Com vítima";"41,850";"BR-364/MG";"Crescente";"Atropelamento de animal";0;0;0;0;0;0;0;0;0;1;1;0;0;0;0
"19/11/2024";"10:12:00";"10";"Sem vítima";"635,070";"BR-365/MG";"Crescente";"Atropelamento de animal";0;0;0;0;0;0;0;0;0;1;4;0;0;0;0
"21/11/2024";"06:07:00";"127";"Com vítima";"695,800";"BR-365/MG";"Crescente";"Capotamento";1;0;0;0;0;0;0;0;0;0;0;0;1;0;0
"22/11/2024";"05:47:00";"145";"Sem vítima";"730,000";"BR-365/MG";"Crescente";"Tombamento";0;0;0;0;0;1;0;0;0;0;1;0;0;0;0
"23/11/2024";"09:17:00";"214";"Sem vítima";"691,110";"BR-365/MG";"Decrescente";"Capotamento";0;0;0;0;0;0;0;0;0;1;1;0;0;0;0
"24/11/2024";"02:21:00";"38";"Sem vítima";"860,150";"BR-365/MG";"Decrescente";"Acidentes de outra natureza";0;0;0;0;0;1;0;0;0;0;1;0;0;0;0
"24/11/2024";"11:58:00";"198";"Sem vítima";"729,000";"BR-365/MG";"Crescente";"Choque";1;0;0;0;0;0;0;0;0;0;1;0;0;0;0
"24/11/2024";"05:47:00";"298";"Com vítima";"168,650";"BR-364/MG";"Decrescente";"Atropelamento de animal";0;0;0;0;0;0;0;0;0;1;2;0;0;0;0
"26/11/2024";"04:40:00";"105";"Com vítima";"671,600";"BR-365/MG";"Decrescente";"Atropelamento de animal";0;0;0;0;0;0;0;0;0;1;3;0;0;0;0
"26/11/2024";"05:30:00";"139";"Sem vítima";"752,990";"BR-365/MG";"Crescente";"Colisão traseira";1;0;0;0;0;0;0;0;0;0;2;0;0;0;0
"26/11/2024";"10:41:00";"247";"Com vítima";"751,000";"BR-365/MG";"Crescente";"Engavetamento";1;0;1;0;0;1;0;0;0;1;3;3;0;0;0
"27/11/2024";"08:24:00";"236";"Sem vítima";"16,440";"BR-364/MG";"Decrescente";"Colisão traseira";1;0;0;0;0;1;0;0;0;0;3;0;0;0;0
"27/11/2024";"09:30:00";"249";"Sem vítima";"792,500";"BR-365/MG";"Decrescente";"Tombamento";0;0;0;0;0;0;0;0;0;1;1;0;0;0;0
"28/11/2024";"08:42:00";"248";"Com vítima";"822,800";"BR-365/MG";"Crescente";"Tombamento";0;0;0;0;0;0;0;0;1;0;0;3;0;0;0
"29/11/2024";"05:06:00";"126";"Sem vítima";"683,086";"BR-365/MG";"Decrescente";"Colisão traseira";0;0;1;0;0;1;0;0;0;0;2;0;0;0;0
"29/11/2024";"04:13:00";"368";"Sem vítima";"666,250";"BR-365/MG";"Decrescente";"Colisão traseira";0;0;0;0;0;2;0;0;0;0;2;0;0;0;0
"30/11/2024";"03:47:00";"338";"Sem vítima";"626,290";"BR-365/MG";"Crescente";"Colisão transversal";1;0;0;0;0;1;0;0;0;0;2;0;0;0;0
"30/11/2024";"05:32:00";"368";"Com vítima";"842,870";"BR-365/MG";"Decrescente";"Atropelamento de animal";0;0;0;0;1;0;0;0;0;0;21;0;0;0;0